url,classification,canonical_declared,canonical_count,self_referencing,canonical_status,canonical_classification
https://5sigmas.com/,INDEX,https://5sigmas.com/,1,True,200,INDEX
https://5sigmas.com/articulos-tecnicos/,INDEX,https://5sigmas.com/articulos-tecnicos/,1,True,200,INDEX
https://5sigmas.com/articulos-tecnicos/proactive-reactive-agent-and-tool-calls/,INDEX,https://5sigmas.com/articulos-tecnicos/proactive-reactive-agent-and-tool-calls/,1,True,200,INDEX
https://5sigmas.com/articulos-tecnicos/reactive-proactive-voice-agents/,INDEX,https://5sigmas.com/articulos-tecnicos/reactive-proactive-voice-agents/,1,True,200,INDEX
https://5sigmas.com/articulos-tecnicos/voice-agent-architectures/,INDEX,https://5sigmas.com/articulos-tecnicos/voice-agent-architectures/,1,True,200,INDEX
https://5sigmas.com/en/,INDEX,https://5sigmas.com/en/,1,True,200,INDEX
https://5sigmas.com/en/articulos-tecnicos/,INDEX,https://5sigmas.com/en/articulos-tecnicos/,1,True,200,INDEX
https://5sigmas.com/en/articulos-tecnicos/proactive-reactive-agent-and-tool-calls/,INDEX,https://5sigmas.com/en/articulos-tecnicos/proactive-reactive-agent-and-tool-calls/,1,True,200,INDEX
https://5sigmas.com/en/articulos-tecnicos/reactive-proactive-voice-agents/,INDEX,https://5sigmas.com/en/articulos-tecnicos/reactive-proactive-voice-agents/,1,True,200,INDEX
https://5sigmas.com/en/articulos-tecnicos/voice-agent-architectures/,INDEX,https://5sigmas.com/en/articulos-tecnicos/voice-agent-architectures/,1,True,200,INDEX
https://5sigmas.com/en/meta/about/,INDEX,https://5sigmas.com/en/meta/about/,1,True,200,INDEX
https://5sigmas.com/en/proximamente/,NOINDEX,https://5sigmas.com/en/proximamente/,1,True,200,NOINDEX
https://5sigmas.com/en/series/,INDEX,https://5sigmas.com/en/series/,1,True,200,INDEX
https://5sigmas.com/en/series/agentes-ia/00_presentacion_serie/,INDEX,https://5sigmas.com/en/series/agentes-ia/00_presentacion_serie/,1,True,200,INDEX
https://5sigmas.com/en/series/agentes-ia/01-que-es-un-agente/,INDEX,https://5sigmas.com/en/series/agentes-ia/01-que-es-un-agente/,1,True,200,INDEX
https://5sigmas.com/en/series/agentes-ia/02-anatomia-de-un-agente/,INDEX,https://5sigmas.com/en/series/agentes-ia/02-anatomia-de-un-agente/,1,True,200,INDEX
https://5sigmas.com/en/series/agentes-ia/03-como-evaluar-un-agente/,INDEX,https://5sigmas.com/en/series/agentes-ia/03-como-evaluar-un-agente/,1,True,200,INDEX
https://5sigmas.com/en/series/agentes-ia/04-seguridad-agentes/,INDEX,https://5sigmas.com/en/series/agentes-ia/04-seguridad-agentes/,1,True,200,INDEX
https://5sigmas.com/en/series/agentes-ia/05-de-la-demo-a-produccion/,INDEX,https://5sigmas.com/en/series/agentes-ia/05-de-la-demo-a-produccion/,1,True,200,INDEX
https://5sigmas.com/en/series/datacenters-espacio/00_presentacion_serie/,INDEX,https://5sigmas.com/en/series/datacenters-espacio/00_presentacion_serie/,1,True,200,INDEX
https://5sigmas.com/en/series/datacenters-espacio/01-por-que-ahora/,INDEX,https://5sigmas.com/en/series/datacenters-espacio/01-por-que-ahora/,1,True,200,INDEX
https://5sigmas.com/en/series/datacenters-espacio/02-energia-calor-conectividad/,INDEX,https://5sigmas.com/en/series/datacenters-espacio/02-energia-calor-conectividad/,1,True,200,INDEX
https://5sigmas.com/en/series/datacenters-espacio/03-que-es-datacenter-espacio/,INDEX,https://5sigmas.com/en/series/datacenters-espacio/03-que-es-datacenter-espacio/,1,True,200,INDEX
https://5sigmas.com/en/series/datacenters-espacio/04-huella-real-datacenter/,INDEX,https://5sigmas.com/en/series/datacenters-espacio/04-huella-real-datacenter/,1,True,200,INDEX
https://5sigmas.com/en/series/from-cave-to-agi/00_presentacion_serie/,INDEX,https://5sigmas.com/en/series/from-cave-to-agi/00_presentacion_serie/,1,True,200,INDEX
https://5sigmas.com/en/series/from-cave-to-agi/01-representar/,INDEX,https://5sigmas.com/en/series/from-cave-to-agi/01-representar/,1,True,200,INDEX
https://5sigmas.com/en/series/from-cave-to-agi/02-mecanizar/,INDEX,https://5sigmas.com/en/series/from-cave-to-agi/02-mecanizar/,1,True,200,INDEX
https://5sigmas.com/en/series/from-cave-to-agi/03-aprender/,INDEX,https://5sigmas.com/en/series/from-cave-to-agi/03-aprender/,1,True,200,INDEX
https://5sigmas.com/en/series/from-cave-to-agi/04-escalar/,INDEX,https://5sigmas.com/en/series/from-cave-to-agi/04-escalar/,1,True,200,INDEX
https://5sigmas.com/en/series/from-cave-to-agi/05-mas-alla/,INDEX,https://5sigmas.com/en/series/from-cave-to-agi/05-mas-alla/,1,True,200,INDEX
https://5sigmas.com/en/series/fundamentos-ia-iag/00_presentacion_serie/,INDEX,https://5sigmas.com/en/series/fundamentos-ia-iag/00_presentacion_serie/,1,True,200,INDEX
https://5sigmas.com/en/series/fundamentos-ia-iag/01-que-es-ia/,INDEX,https://5sigmas.com/en/series/fundamentos-ia-iag/01-que-es-ia/,1,True,200,INDEX
https://5sigmas.com/en/series/fundamentos-ia-iag/02-que-es-ia-generativa/,INDEX,https://5sigmas.com/en/series/fundamentos-ia-iag/02-que-es-ia-generativa/,1,True,200,INDEX
https://5sigmas.com/en/series/fundamentos-ia-iag/03-ia-vs-ia-generativa/,INDEX,https://5sigmas.com/en/series/fundamentos-ia-iag/03-ia-vs-ia-generativa/,1,True,200,INDEX
https://5sigmas.com/en/series/fundamentos-ia-iag/04-agi/,INDEX,https://5sigmas.com/en/series/fundamentos-ia-iag/04-agi/,1,True,200,INDEX
https://5sigmas.com/en/series/ia-pib-bienestar-energia/00_presentacion_serie/,INDEX,https://5sigmas.com/en/series/ia-pib-bienestar-energia/00_presentacion_serie/,1,True,200,INDEX
https://5sigmas.com/en/series/ia-pib-bienestar-energia/01-electricidad-bienestar/,INDEX,https://5sigmas.com/en/series/ia-pib-bienestar-energia/01-electricidad-bienestar/,1,True,200,INDEX
https://5sigmas.com/en/series/ia-pib-bienestar-energia/02-ia-tecnologia-electrica/,INDEX,https://5sigmas.com/en/series/ia-pib-bienestar-energia/02-ia-tecnologia-electrica/,1,True,200,INDEX
https://5sigmas.com/en/series/ia-pib-bienestar-energia/03-pib-vs-bienestar/,INDEX,https://5sigmas.com/en/series/ia-pib-bienestar-energia/03-pib-vs-bienestar/,1,True,200,INDEX
https://5sigmas.com/en/series/ia-pib-bienestar-energia/04-ia-pib-hoy/,INDEX,https://5sigmas.com/en/series/ia-pib-bienestar-energia/04-ia-pib-hoy/,1,True,200,INDEX
https://5sigmas.com/en/series/modelos-razonadores/00_presentacion_serie/,INDEX,https://5sigmas.com/en/series/modelos-razonadores/00_presentacion_serie/,1,True,200,INDEX
https://5sigmas.com/en/series/modelos-razonadores/01-que-es-razonar/,INDEX,https://5sigmas.com/en/series/modelos-razonadores/01-que-es-razonar/,1,True,200,INDEX
https://5sigmas.com/en/series/modelos-razonadores/02-fallos/,INDEX,https://5sigmas.com/en/series/modelos-razonadores/02-fallos/,1,True,200,INDEX
https://5sigmas.com/en/series/modelos-razonadores/03-test-time-compute/,INDEX,https://5sigmas.com/en/series/modelos-razonadores/03-test-time-compute/,1,True,200,INDEX
https://5sigmas.com/en/series/modelos-razonadores/04-latencia-streaming/,INDEX,https://5sigmas.com/en/series/modelos-razonadores/04-latencia-streaming/,1,True,200,INDEX
https://5sigmas.com/en/series/modelos-razonadores/05-riesgos/,INDEX,https://5sigmas.com/en/series/modelos-razonadores/05-riesgos/,1,True,200,INDEX
https://5sigmas.com/en/series/multimodalidad-iag/00_presentacion_serie/,INDEX,https://5sigmas.com/en/series/multimodalidad-iag/00_presentacion_serie/,1,True,200,INDEX
https://5sigmas.com/en/series/multimodalidad-iag/01-el-problema/,INDEX,https://5sigmas.com/en/series/multimodalidad-iag/01-el-problema/,1,True,200,INDEX
https://5sigmas.com/en/series/multimodalidad-iag/02-alineamiento/,INDEX,https://5sigmas.com/en/series/multimodalidad-iag/02-alineamiento/,1,True,200,INDEX
https://5sigmas.com/en/series/multimodalidad-iag/03-arquitecturas/,INDEX,https://5sigmas.com/en/series/multimodalidad-iag/03-arquitecturas/,1,True,200,INDEX
https://5sigmas.com/en/series/multimodalidad-iag/04-evaluacion/,INDEX,https://5sigmas.com/en/series/multimodalidad-iag/04-evaluacion/,1,True,200,INDEX
https://5sigmas.com/en/series/multimodalidad-iag/05-riesgos/,INDEX,https://5sigmas.com/en/series/multimodalidad-iag/05-riesgos/,1,True,200,INDEX
https://5sigmas.com/en/series/seguridad-ia/00_presentacion_serie/,INDEX,https://5sigmas.com/en/series/seguridad-ia/00_presentacion_serie/,1,True,200,INDEX
https://5sigmas.com/en/series/seguridad-ia/01-prompt-injection/,INDEX,https://5sigmas.com/en/series/seguridad-ia/01-prompt-injection/,1,True,200,INDEX
https://5sigmas.com/en/series/seguridad-ia/02-jailbreaks/,INDEX,https://5sigmas.com/en/series/seguridad-ia/02-jailbreaks/,1,True,200,INDEX
https://5sigmas.com/en/series/seguridad-ia/03-envenenamiento/,INDEX,https://5sigmas.com/en/series/seguridad-ia/03-envenenamiento/,1,True,200,INDEX
https://5sigmas.com/en/series/seguridad-ia/04-red-teaming/,INDEX,https://5sigmas.com/en/series/seguridad-ia/04-red-teaming/,1,True,200,INDEX
https://5sigmas.com/en/series/seguridad-ia/05-controles-produccion/,INDEX,https://5sigmas.com/en/series/seguridad-ia/05-controles-produccion/,1,True,200,INDEX
https://5sigmas.com/en/temas/,INDEX,https://5sigmas.com/en/temas/,1,True,200,INDEX
https://5sigmas.com/en/temas/agentes-ia/,INDEX,https://5sigmas.com/en/temas/agentes-ia/,1,True,200,INDEX
https://5sigmas.com/en/temas/evaluacion-modelos/,INDEX,https://5sigmas.com/en/temas/evaluacion-modelos/,1,True,200,INDEX
https://5sigmas.com/en/temas/llms/,INDEX,https://5sigmas.com/en/temas/llms/,1,True,200,INDEX
https://5sigmas.com/en/temas/prompt-injection/,INDEX,https://5sigmas.com/en/temas/prompt-injection/,1,True,200,INDEX
https://5sigmas.com/en/temas/razonamiento/,INDEX,https://5sigmas.com/en/temas/razonamiento/,1,True,200,INDEX
https://5sigmas.com/en/temas/transformer/,INDEX,https://5sigmas.com/en/temas/transformer/,1,True,200,INDEX
https://5sigmas.com/en/videos/,INDEX,https://5sigmas.com/en/videos/,1,True,200,INDEX
https://5sigmas.com/en/videos/articulos-tecnicos/reactive-proactive-agent-header-demo/,INDEX,https://5sigmas.com/en/videos/articulos-tecnicos/reactive-proactive-agent-header-demo/,1,True,200,INDEX
https://5sigmas.com/en/videos/series/agentes-ia/00_presentacion_serie/,INDEX,https://5sigmas.com/en/videos/series/agentes-ia/00_presentacion_serie/,1,True,200,INDEX
https://5sigmas.com/en/videos/series/agentes-ia/01-que-es-un-agente/,INDEX,https://5sigmas.com/en/videos/series/agentes-ia/01-que-es-un-agente/,1,True,200,INDEX
https://5sigmas.com/en/videos/series/agentes-ia/02-anatomia-de-un-agente/,INDEX,https://5sigmas.com/en/videos/series/agentes-ia/02-anatomia-de-un-agente/,1,True,200,INDEX
https://5sigmas.com/en/videos/series/agentes-ia/03-como-evaluar-un-agente/,INDEX,https://5sigmas.com/en/videos/series/agentes-ia/03-como-evaluar-un-agente/,1,True,200,INDEX
https://5sigmas.com/en/videos/series/agentes-ia/04-seguridad-agentes/,INDEX,https://5sigmas.com/en/videos/series/agentes-ia/04-seguridad-agentes/,1,True,200,INDEX
https://5sigmas.com/en/videos/series/agentes-ia/05-de-la-demo-a-produccion/,INDEX,https://5sigmas.com/en/videos/series/agentes-ia/05-de-la-demo-a-produccion/,1,True,200,INDEX
https://5sigmas.com/en/videos/series/datacenters-espacio/00_presentacion_serie/,INDEX,https://5sigmas.com/en/videos/series/datacenters-espacio/00_presentacion_serie/,1,True,200,INDEX
https://5sigmas.com/en/videos/series/datacenters-espacio/01-por-que-ahora/,INDEX,https://5sigmas.com/en/videos/series/datacenters-espacio/01-por-que-ahora/,1,True,200,INDEX
https://5sigmas.com/en/videos/series/datacenters-espacio/02-energia-calor-conectividad/,INDEX,https://5sigmas.com/en/videos/series/datacenters-espacio/02-energia-calor-conectividad/,1,True,200,INDEX
https://5sigmas.com/en/videos/series/datacenters-espacio/03-que-es-datacenter-espacio/,INDEX,https://5sigmas.com/en/videos/series/datacenters-espacio/03-que-es-datacenter-espacio/,1,True,200,INDEX
https://5sigmas.com/en/videos/series/datacenters-espacio/04-huella-real-datacenter/,INDEX,https://5sigmas.com/en/videos/series/datacenters-espacio/04-huella-real-datacenter/,1,True,200,INDEX
https://5sigmas.com/en/videos/series/from-cave-to-agi/00_presentacion_serie/,INDEX,https://5sigmas.com/en/videos/series/from-cave-to-agi/00_presentacion_serie/,1,True,200,INDEX
https://5sigmas.com/en/videos/series/from-cave-to-agi/01-representar/,INDEX,https://5sigmas.com/en/videos/series/from-cave-to-agi/01-representar/,1,True,200,INDEX
https://5sigmas.com/en/videos/series/from-cave-to-agi/02-mecanizar/,INDEX,https://5sigmas.com/en/videos/series/from-cave-to-agi/02-mecanizar/,1,True,200,INDEX
https://5sigmas.com/en/videos/series/from-cave-to-agi/03-aprender/,INDEX,https://5sigmas.com/en/videos/series/from-cave-to-agi/03-aprender/,1,True,200,INDEX
https://5sigmas.com/en/videos/series/from-cave-to-agi/04-escalar/,INDEX,https://5sigmas.com/en/videos/series/from-cave-to-agi/04-escalar/,1,True,200,INDEX
https://5sigmas.com/en/videos/series/from-cave-to-agi/05-mas-alla/,INDEX,https://5sigmas.com/en/videos/series/from-cave-to-agi/05-mas-alla/,1,True,200,INDEX
https://5sigmas.com/en/videos/series/fundamentos-ia-iag/00_presentacion_serie/,INDEX,https://5sigmas.com/en/videos/series/fundamentos-ia-iag/00_presentacion_serie/,1,True,200,INDEX
https://5sigmas.com/en/videos/series/fundamentos-ia-iag/01-que-es-ia/,INDEX,https://5sigmas.com/en/videos/series/fundamentos-ia-iag/01-que-es-ia/,1,True,200,INDEX
https://5sigmas.com/en/videos/series/fundamentos-ia-iag/02-que-es-ia-generativa/,INDEX,https://5sigmas.com/en/videos/series/fundamentos-ia-iag/02-que-es-ia-generativa/,1,True,200,INDEX
https://5sigmas.com/en/videos/series/fundamentos-ia-iag/03-ia-vs-ia-generativa/,INDEX,https://5sigmas.com/en/videos/series/fundamentos-ia-iag/03-ia-vs-ia-generativa/,1,True,200,INDEX
https://5sigmas.com/en/videos/series/fundamentos-ia-iag/04-agi/,INDEX,https://5sigmas.com/en/videos/series/fundamentos-ia-iag/04-agi/,1,True,200,INDEX
https://5sigmas.com/en/videos/series/ia-pib-bienestar-energia/00_presentacion_serie/,INDEX,https://5sigmas.com/en/videos/series/ia-pib-bienestar-energia/00_presentacion_serie/,1,True,200,INDEX
https://5sigmas.com/en/videos/series/ia-pib-bienestar-energia/01-electricidad-bienestar/,INDEX,https://5sigmas.com/en/videos/series/ia-pib-bienestar-energia/01-electricidad-bienestar/,1,True,200,INDEX
https://5sigmas.com/en/videos/series/ia-pib-bienestar-energia/02-ia-tecnologia-electrica/,INDEX,https://5sigmas.com/en/videos/series/ia-pib-bienestar-energia/02-ia-tecnologia-electrica/,1,True,200,INDEX
https://5sigmas.com/en/videos/series/ia-pib-bienestar-energia/03-pib-vs-bienestar/,INDEX,https://5sigmas.com/en/videos/series/ia-pib-bienestar-energia/03-pib-vs-bienestar/,1,True,200,INDEX
https://5sigmas.com/en/videos/series/ia-pib-bienestar-energia/04-ia-pib-hoy/,INDEX,https://5sigmas.com/en/videos/series/ia-pib-bienestar-energia/04-ia-pib-hoy/,1,True,200,INDEX
https://5sigmas.com/en/videos/series/modelos-razonadores/00_presentacion_serie/,INDEX,https://5sigmas.com/en/videos/series/modelos-razonadores/00_presentacion_serie/,1,True,200,INDEX
https://5sigmas.com/en/videos/series/modelos-razonadores/01-que-es-razonar/,INDEX,https://5sigmas.com/en/videos/series/modelos-razonadores/01-que-es-razonar/,1,True,200,INDEX
https://5sigmas.com/en/videos/series/modelos-razonadores/02-fallos/,INDEX,https://5sigmas.com/en/videos/series/modelos-razonadores/02-fallos/,1,True,200,INDEX
https://5sigmas.com/en/videos/series/modelos-razonadores/03-test-time-compute/,INDEX,https://5sigmas.com/en/videos/series/modelos-razonadores/03-test-time-compute/,1,True,200,INDEX
https://5sigmas.com/en/videos/series/modelos-razonadores/04-latencia-streaming/,INDEX,https://5sigmas.com/en/videos/series/modelos-razonadores/04-latencia-streaming/,1,True,200,INDEX
https://5sigmas.com/en/videos/series/modelos-razonadores/05-riesgos/,INDEX,https://5sigmas.com/en/videos/series/modelos-razonadores/05-riesgos/,1,True,200,INDEX
https://5sigmas.com/en/videos/series/multimodalidad-iag/00_presentacion_serie/,INDEX,https://5sigmas.com/en/videos/series/multimodalidad-iag/00_presentacion_serie/,1,True,200,INDEX
https://5sigmas.com/en/videos/series/multimodalidad-iag/01-el-problema/,INDEX,https://5sigmas.com/en/videos/series/multimodalidad-iag/01-el-problema/,1,True,200,INDEX
https://5sigmas.com/en/videos/series/multimodalidad-iag/02-alineamiento/,INDEX,https://5sigmas.com/en/videos/series/multimodalidad-iag/02-alineamiento/,1,True,200,INDEX
https://5sigmas.com/en/videos/series/multimodalidad-iag/03-arquitecturas/,INDEX,https://5sigmas.com/en/videos/series/multimodalidad-iag/03-arquitecturas/,1,True,200,INDEX
https://5sigmas.com/en/videos/series/multimodalidad-iag/04-evaluacion/,INDEX,https://5sigmas.com/en/videos/series/multimodalidad-iag/04-evaluacion/,1,True,200,INDEX
https://5sigmas.com/en/videos/series/multimodalidad-iag/05-riesgos/,INDEX,https://5sigmas.com/en/videos/series/multimodalidad-iag/05-riesgos/,1,True,200,INDEX
https://5sigmas.com/en/videos/series/seguridad-ia/00_presentacion_serie/,INDEX,https://5sigmas.com/en/videos/series/seguridad-ia/00_presentacion_serie/,1,True,200,INDEX
https://5sigmas.com/en/videos/series/seguridad-ia/01-prompt-injection/,INDEX,https://5sigmas.com/en/videos/series/seguridad-ia/01-prompt-injection/,1,True,200,INDEX
https://5sigmas.com/en/videos/series/seguridad-ia/02-jailbreaks/,INDEX,https://5sigmas.com/en/videos/series/seguridad-ia/02-jailbreaks/,1,True,200,INDEX
https://5sigmas.com/en/videos/series/seguridad-ia/03-envenenamiento/,INDEX,https://5sigmas.com/en/videos/series/seguridad-ia/03-envenenamiento/,1,True,200,INDEX
https://5sigmas.com/en/videos/series/seguridad-ia/04-red-teaming/,INDEX,https://5sigmas.com/en/videos/series/seguridad-ia/04-red-teaming/,1,True,200,INDEX
https://5sigmas.com/en/videos/series/seguridad-ia/05-controles-produccion/,INDEX,https://5sigmas.com/en/videos/series/seguridad-ia/05-controles-produccion/,1,True,200,INDEX
https://5sigmas.com/en/visuales/,INDEX,https://5sigmas.com/en/visuales/,1,True,200,INDEX
https://5sigmas.com/meta/about/,INDEX,https://5sigmas.com/meta/about/,1,True,200,INDEX
https://5sigmas.com/proximamente/,NOINDEX,https://5sigmas.com/proximamente/,1,True,200,NOINDEX
https://5sigmas.com/series/,INDEX,https://5sigmas.com/series/,1,True,200,INDEX
https://5sigmas.com/series/agentes-ia/00_presentacion_serie/,INDEX,https://5sigmas.com/series/agentes-ia/00_presentacion_serie/,1,True,200,INDEX
https://5sigmas.com/series/agentes-ia/01-que-es-un-agente/,INDEX,https://5sigmas.com/series/agentes-ia/01-que-es-un-agente/,1,True,200,INDEX
https://5sigmas.com/series/agentes-ia/02-anatomia-de-un-agente/,INDEX,https://5sigmas.com/series/agentes-ia/02-anatomia-de-un-agente/,1,True,200,INDEX
https://5sigmas.com/series/agentes-ia/03-como-evaluar-un-agente/,INDEX,https://5sigmas.com/series/agentes-ia/03-como-evaluar-un-agente/,1,True,200,INDEX
https://5sigmas.com/series/agentes-ia/04-seguridad-agentes/,INDEX,https://5sigmas.com/series/agentes-ia/04-seguridad-agentes/,1,True,200,INDEX
https://5sigmas.com/series/agentes-ia/05-de-la-demo-a-produccion/,INDEX,https://5sigmas.com/series/agentes-ia/05-de-la-demo-a-produccion/,1,True,200,INDEX
https://5sigmas.com/series/datacenters-espacio/00_presentacion_serie/,INDEX,https://5sigmas.com/series/datacenters-espacio/00_presentacion_serie/,1,True,200,INDEX
https://5sigmas.com/series/datacenters-espacio/01-por-que-ahora/,INDEX,https://5sigmas.com/series/datacenters-espacio/01-por-que-ahora/,1,True,200,INDEX
https://5sigmas.com/series/datacenters-espacio/02-energia-calor-conectividad/,INDEX,https://5sigmas.com/series/datacenters-espacio/02-energia-calor-conectividad/,1,True,200,INDEX
https://5sigmas.com/series/datacenters-espacio/03-que-es-datacenter-espacio/,INDEX,https://5sigmas.com/series/datacenters-espacio/03-que-es-datacenter-espacio/,1,True,200,INDEX
https://5sigmas.com/series/datacenters-espacio/04-huella-real-datacenter/,INDEX,https://5sigmas.com/series/datacenters-espacio/04-huella-real-datacenter/,1,True,200,INDEX
https://5sigmas.com/series/from-cave-to-agi/00_presentacion_serie/,INDEX,https://5sigmas.com/series/from-cave-to-agi/00_presentacion_serie/,1,True,200,INDEX
https://5sigmas.com/series/from-cave-to-agi/01-representar/,INDEX,https://5sigmas.com/series/from-cave-to-agi/01-representar/,1,True,200,INDEX
https://5sigmas.com/series/from-cave-to-agi/02-mecanizar/,INDEX,https://5sigmas.com/series/from-cave-to-agi/02-mecanizar/,1,True,200,INDEX
https://5sigmas.com/series/from-cave-to-agi/03-aprender/,INDEX,https://5sigmas.com/series/from-cave-to-agi/03-aprender/,1,True,200,INDEX
https://5sigmas.com/series/from-cave-to-agi/04-escalar/,INDEX,https://5sigmas.com/series/from-cave-to-agi/04-escalar/,1,True,200,INDEX
https://5sigmas.com/series/from-cave-to-agi/05-mas-alla/,INDEX,https://5sigmas.com/series/from-cave-to-agi/05-mas-alla/,1,True,200,INDEX
https://5sigmas.com/series/fundamentos-ia-iag/00_presentacion_serie/,INDEX,https://5sigmas.com/series/fundamentos-ia-iag/00_presentacion_serie/,1,True,200,INDEX
https://5sigmas.com/series/fundamentos-ia-iag/01-que-es-ia/,INDEX,https://5sigmas.com/series/fundamentos-ia-iag/01-que-es-ia/,1,True,200,INDEX
https://5sigmas.com/series/fundamentos-ia-iag/02-que-es-ia-generativa/,INDEX,https://5sigmas.com/series/fundamentos-ia-iag/02-que-es-ia-generativa/,1,True,200,INDEX
https://5sigmas.com/series/fundamentos-ia-iag/03-ia-vs-ia-generativa/,INDEX,https://5sigmas.com/series/fundamentos-ia-iag/03-ia-vs-ia-generativa/,1,True,200,INDEX
https://5sigmas.com/series/fundamentos-ia-iag/04-agi/,INDEX,https://5sigmas.com/series/fundamentos-ia-iag/04-agi/,1,True,200,INDEX
https://5sigmas.com/series/ia-pib-bienestar-energia/00_presentacion_serie/,INDEX,https://5sigmas.com/series/ia-pib-bienestar-energia/00_presentacion_serie/,1,True,200,INDEX
https://5sigmas.com/series/ia-pib-bienestar-energia/01-electricidad-bienestar/,INDEX,https://5sigmas.com/series/ia-pib-bienestar-energia/01-electricidad-bienestar/,1,True,200,INDEX
https://5sigmas.com/series/ia-pib-bienestar-energia/02-ia-tecnologia-electrica/,INDEX,https://5sigmas.com/series/ia-pib-bienestar-energia/02-ia-tecnologia-electrica/,1,True,200,INDEX
https://5sigmas.com/series/ia-pib-bienestar-energia/03-pib-vs-bienestar/,INDEX,https://5sigmas.com/series/ia-pib-bienestar-energia/03-pib-vs-bienestar/,1,True,200,INDEX
https://5sigmas.com/series/ia-pib-bienestar-energia/04-ia-pib-hoy/,INDEX,https://5sigmas.com/series/ia-pib-bienestar-energia/04-ia-pib-hoy/,1,True,200,INDEX
https://5sigmas.com/series/modelos-razonadores/00_presentacion_serie/,INDEX,https://5sigmas.com/series/modelos-razonadores/00_presentacion_serie/,1,True,200,INDEX
https://5sigmas.com/series/modelos-razonadores/01-que-es-razonar/,INDEX,https://5sigmas.com/series/modelos-razonadores/01-que-es-razonar/,1,True,200,INDEX
https://5sigmas.com/series/modelos-razonadores/02-fallos/,INDEX,https://5sigmas.com/series/modelos-razonadores/02-fallos/,1,True,200,INDEX
https://5sigmas.com/series/modelos-razonadores/03-test-time-compute/,INDEX,https://5sigmas.com/series/modelos-razonadores/03-test-time-compute/,1,True,200,INDEX
https://5sigmas.com/series/modelos-razonadores/04-latencia-streaming/,INDEX,https://5sigmas.com/series/modelos-razonadores/04-latencia-streaming/,1,True,200,INDEX
https://5sigmas.com/series/modelos-razonadores/05-riesgos/,INDEX,https://5sigmas.com/series/modelos-razonadores/05-riesgos/,1,True,200,INDEX
https://5sigmas.com/series/multimodalidad-iag/00_presentacion_serie/,INDEX,https://5sigmas.com/series/multimodalidad-iag/00_presentacion_serie/,1,True,200,INDEX
https://5sigmas.com/series/multimodalidad-iag/01-el-problema/,INDEX,https://5sigmas.com/series/multimodalidad-iag/01-el-problema/,1,True,200,INDEX
https://5sigmas.com/series/multimodalidad-iag/02-alineamiento/,INDEX,https://5sigmas.com/series/multimodalidad-iag/02-alineamiento/,1,True,200,INDEX
https://5sigmas.com/series/multimodalidad-iag/03-arquitecturas/,INDEX,https://5sigmas.com/series/multimodalidad-iag/03-arquitecturas/,1,True,200,INDEX
https://5sigmas.com/series/multimodalidad-iag/04-evaluacion/,INDEX,https://5sigmas.com/series/multimodalidad-iag/04-evaluacion/,1,True,200,INDEX
https://5sigmas.com/series/multimodalidad-iag/05-riesgos/,INDEX,https://5sigmas.com/series/multimodalidad-iag/05-riesgos/,1,True,200,INDEX
https://5sigmas.com/series/seguridad-ia/00_presentacion_serie/,INDEX,https://5sigmas.com/series/seguridad-ia/00_presentacion_serie/,1,True,200,INDEX
https://5sigmas.com/series/seguridad-ia/01-prompt-injection/,INDEX,https://5sigmas.com/series/seguridad-ia/01-prompt-injection/,1,True,200,INDEX
https://5sigmas.com/series/seguridad-ia/02-jailbreaks/,INDEX,https://5sigmas.com/series/seguridad-ia/02-jailbreaks/,1,True,200,INDEX
https://5sigmas.com/series/seguridad-ia/03-envenenamiento/,INDEX,https://5sigmas.com/series/seguridad-ia/03-envenenamiento/,1,True,200,INDEX
https://5sigmas.com/series/seguridad-ia/04-red-teaming/,INDEX,https://5sigmas.com/series/seguridad-ia/04-red-teaming/,1,True,200,INDEX
https://5sigmas.com/series/seguridad-ia/05-controles-produccion/,INDEX,https://5sigmas.com/series/seguridad-ia/05-controles-produccion/,1,True,200,INDEX
https://5sigmas.com/tags/,NOINDEX,https://5sigmas.com/tags/,1,True,200,NOINDEX
https://5sigmas.com/temas/,INDEX,https://5sigmas.com/temas/,1,True,200,INDEX
https://5sigmas.com/temas/agentes-ia/,INDEX,https://5sigmas.com/temas/agentes-ia/,1,True,200,INDEX
https://5sigmas.com/temas/evaluacion-modelos/,INDEX,https://5sigmas.com/temas/evaluacion-modelos/,1,True,200,INDEX
https://5sigmas.com/temas/llms/,INDEX,https://5sigmas.com/temas/llms/,1,True,200,INDEX
https://5sigmas.com/temas/prompt-injection/,INDEX,https://5sigmas.com/temas/prompt-injection/,1,True,200,INDEX
https://5sigmas.com/temas/razonamiento/,INDEX,https://5sigmas.com/temas/razonamiento/,1,True,200,INDEX
https://5sigmas.com/temas/transformer/,INDEX,https://5sigmas.com/temas/transformer/,1,True,200,INDEX
https://5sigmas.com/videos/,INDEX,https://5sigmas.com/videos/,1,True,200,INDEX
https://5sigmas.com/videos/articulos-tecnicos/reactive-proactive-agent-header-demo/,INDEX,https://5sigmas.com/videos/articulos-tecnicos/reactive-proactive-agent-header-demo/,1,True,200,INDEX
https://5sigmas.com/videos/series/agentes-ia/00_presentacion_serie/,INDEX,https://5sigmas.com/videos/series/agentes-ia/00_presentacion_serie/,1,True,200,INDEX
https://5sigmas.com/videos/series/agentes-ia/01-que-es-un-agente/,INDEX,https://5sigmas.com/videos/series/agentes-ia/01-que-es-un-agente/,1,True,200,INDEX
https://5sigmas.com/videos/series/agentes-ia/02-anatomia-de-un-agente/,INDEX,https://5sigmas.com/videos/series/agentes-ia/02-anatomia-de-un-agente/,1,True,200,INDEX
https://5sigmas.com/videos/series/agentes-ia/03-como-evaluar-un-agente/,INDEX,https://5sigmas.com/videos/series/agentes-ia/03-como-evaluar-un-agente/,1,True,200,INDEX
https://5sigmas.com/videos/series/agentes-ia/04-seguridad-agentes/,INDEX,https://5sigmas.com/videos/series/agentes-ia/04-seguridad-agentes/,1,True,200,INDEX
https://5sigmas.com/videos/series/agentes-ia/05-de-la-demo-a-produccion/,INDEX,https://5sigmas.com/videos/series/agentes-ia/05-de-la-demo-a-produccion/,1,True,200,INDEX
https://5sigmas.com/videos/series/datacenters-espacio/00_presentacion_serie/,INDEX,https://5sigmas.com/videos/series/datacenters-espacio/00_presentacion_serie/,1,True,200,INDEX
https://5sigmas.com/videos/series/datacenters-espacio/01-por-que-ahora/,INDEX,https://5sigmas.com/videos/series/datacenters-espacio/01-por-que-ahora/,1,True,200,INDEX
https://5sigmas.com/videos/series/datacenters-espacio/02-energia-calor-conectividad/,INDEX,https://5sigmas.com/videos/series/datacenters-espacio/02-energia-calor-conectividad/,1,True,200,INDEX
https://5sigmas.com/videos/series/datacenters-espacio/03-que-es-datacenter-espacio/,INDEX,https://5sigmas.com/videos/series/datacenters-espacio/03-que-es-datacenter-espacio/,1,True,200,INDEX
https://5sigmas.com/videos/series/datacenters-espacio/04-huella-real-datacenter/,INDEX,https://5sigmas.com/videos/series/datacenters-espacio/04-huella-real-datacenter/,1,True,200,INDEX
https://5sigmas.com/videos/series/from-cave-to-agi/00_presentacion_serie/,INDEX,https://5sigmas.com/videos/series/from-cave-to-agi/00_presentacion_serie/,1,True,200,INDEX
https://5sigmas.com/videos/series/from-cave-to-agi/01-representar/,INDEX,https://5sigmas.com/videos/series/from-cave-to-agi/01-representar/,1,True,200,INDEX
https://5sigmas.com/videos/series/from-cave-to-agi/02-mecanizar/,INDEX,https://5sigmas.com/videos/series/from-cave-to-agi/02-mecanizar/,1,True,200,INDEX
https://5sigmas.com/videos/series/from-cave-to-agi/03-aprender/,INDEX,https://5sigmas.com/videos/series/from-cave-to-agi/03-aprender/,1,True,200,INDEX
https://5sigmas.com/videos/series/from-cave-to-agi/04-escalar/,INDEX,https://5sigmas.com/videos/series/from-cave-to-agi/04-escalar/,1,True,200,INDEX
https://5sigmas.com/videos/series/from-cave-to-agi/05-mas-alla/,INDEX,https://5sigmas.com/videos/series/from-cave-to-agi/05-mas-alla/,1,True,200,INDEX
https://5sigmas.com/videos/series/fundamentos-ia-iag/00_presentacion_serie/,INDEX,https://5sigmas.com/videos/series/fundamentos-ia-iag/00_presentacion_serie/,1,True,200,INDEX
https://5sigmas.com/videos/series/fundamentos-ia-iag/01-que-es-ia/,INDEX,https://5sigmas.com/videos/series/fundamentos-ia-iag/01-que-es-ia/,1,True,200,INDEX
https://5sigmas.com/videos/series/fundamentos-ia-iag/02-que-es-ia-generativa/,INDEX,https://5sigmas.com/videos/series/fundamentos-ia-iag/02-que-es-ia-generativa/,1,True,200,INDEX
https://5sigmas.com/videos/series/fundamentos-ia-iag/03-ia-vs-ia-generativa/,INDEX,https://5sigmas.com/videos/series/fundamentos-ia-iag/03-ia-vs-ia-generativa/,1,True,200,INDEX
https://5sigmas.com/videos/series/fundamentos-ia-iag/04-agi/,INDEX,https://5sigmas.com/videos/series/fundamentos-ia-iag/04-agi/,1,True,200,INDEX
https://5sigmas.com/videos/series/ia-pib-bienestar-energia/00_presentacion_serie/,INDEX,https://5sigmas.com/videos/series/ia-pib-bienestar-energia/00_presentacion_serie/,1,True,200,INDEX
https://5sigmas.com/videos/series/ia-pib-bienestar-energia/01-electricidad-bienestar/,INDEX,https://5sigmas.com/videos/series/ia-pib-bienestar-energia/01-electricidad-bienestar/,1,True,200,INDEX
https://5sigmas.com/videos/series/ia-pib-bienestar-energia/02-ia-tecnologia-electrica/,INDEX,https://5sigmas.com/videos/series/ia-pib-bienestar-energia/02-ia-tecnologia-electrica/,1,True,200,INDEX
https://5sigmas.com/videos/series/ia-pib-bienestar-energia/03-pib-vs-bienestar/,INDEX,https://5sigmas.com/videos/series/ia-pib-bienestar-energia/03-pib-vs-bienestar/,1,True,200,INDEX
https://5sigmas.com/videos/series/ia-pib-bienestar-energia/04-ia-pib-hoy/,INDEX,https://5sigmas.com/videos/series/ia-pib-bienestar-energia/04-ia-pib-hoy/,1,True,200,INDEX
https://5sigmas.com/videos/series/modelos-razonadores/00_presentacion_serie/,INDEX,https://5sigmas.com/videos/series/modelos-razonadores/00_presentacion_serie/,1,True,200,INDEX
https://5sigmas.com/videos/series/modelos-razonadores/01-que-es-razonar/,INDEX,https://5sigmas.com/videos/series/modelos-razonadores/01-que-es-razonar/,1,True,200,INDEX
https://5sigmas.com/videos/series/modelos-razonadores/02-fallos/,INDEX,https://5sigmas.com/videos/series/modelos-razonadores/02-fallos/,1,True,200,INDEX
https://5sigmas.com/videos/series/modelos-razonadores/03-test-time-compute/,INDEX,https://5sigmas.com/videos/series/modelos-razonadores/03-test-time-compute/,1,True,200,INDEX
https://5sigmas.com/videos/series/modelos-razonadores/04-latencia-streaming/,INDEX,https://5sigmas.com/videos/series/modelos-razonadores/04-latencia-streaming/,1,True,200,INDEX
https://5sigmas.com/videos/series/modelos-razonadores/05-riesgos/,INDEX,https://5sigmas.com/videos/series/modelos-razonadores/05-riesgos/,1,True,200,INDEX
https://5sigmas.com/videos/series/multimodalidad-iag/00_presentacion_serie/,INDEX,https://5sigmas.com/videos/series/multimodalidad-iag/00_presentacion_serie/,1,True,200,INDEX
https://5sigmas.com/videos/series/multimodalidad-iag/01-el-problema/,INDEX,https://5sigmas.com/videos/series/multimodalidad-iag/01-el-problema/,1,True,200,INDEX
https://5sigmas.com/videos/series/multimodalidad-iag/02-alineamiento/,INDEX,https://5sigmas.com/videos/series/multimodalidad-iag/02-alineamiento/,1,True,200,INDEX
https://5sigmas.com/videos/series/multimodalidad-iag/03-arquitecturas/,INDEX,https://5sigmas.com/videos/series/multimodalidad-iag/03-arquitecturas/,1,True,200,INDEX
https://5sigmas.com/videos/series/multimodalidad-iag/04-evaluacion/,INDEX,https://5sigmas.com/videos/series/multimodalidad-iag/04-evaluacion/,1,True,200,INDEX
https://5sigmas.com/videos/series/multimodalidad-iag/05-riesgos/,INDEX,https://5sigmas.com/videos/series/multimodalidad-iag/05-riesgos/,1,True,200,INDEX
https://5sigmas.com/videos/series/seguridad-ia/01-prompt-injection/,INDEX,https://5sigmas.com/videos/series/seguridad-ia/01-prompt-injection/,1,True,200,INDEX
https://5sigmas.com/videos/series/seguridad-ia/02-jailbreaks/,INDEX,https://5sigmas.com/videos/series/seguridad-ia/02-jailbreaks/,1,True,200,INDEX
https://5sigmas.com/videos/series/seguridad-ia/03-envenenamiento/,INDEX,https://5sigmas.com/videos/series/seguridad-ia/03-envenenamiento/,1,True,200,INDEX
https://5sigmas.com/videos/series/seguridad-ia/04-red-teaming/,INDEX,https://5sigmas.com/videos/series/seguridad-ia/04-red-teaming/,1,True,200,INDEX
https://5sigmas.com/videos/series/seguridad-ia/05-controles-produccion/,INDEX,https://5sigmas.com/videos/series/seguridad-ia/05-controles-produccion/,1,True,200,INDEX
https://5sigmas.com/visuales/,INDEX,https://5sigmas.com/visuales/,1,True,200,INDEX
