url,language,expected_language,hreflang,hreflang_count
https://5sigmas.com/,es,es,[],0
https://5sigmas.com/articulos-tecnicos/,es,es,[],0
https://5sigmas.com/articulos-tecnicos/proactive-reactive-agent-and-tool-calls/,es,es,[],0
https://5sigmas.com/articulos-tecnicos/reactive-proactive-voice-agents/,es,es,[],0
https://5sigmas.com/articulos-tecnicos/voice-agent-architectures/,es,es,[],0
https://5sigmas.com/en/,en,en,[],0
https://5sigmas.com/en/articulos-tecnicos/,en,en,[],0
https://5sigmas.com/en/articulos-tecnicos/proactive-reactive-agent-and-tool-calls/,en,en,[],0
https://5sigmas.com/en/articulos-tecnicos/reactive-proactive-voice-agents/,en,en,[],0
https://5sigmas.com/en/articulos-tecnicos/voice-agent-architectures/,en,en,[],0
https://5sigmas.com/en/meta/about/,en,en,[],0
https://5sigmas.com/en/proximamente/,en,en,[],0
https://5sigmas.com/en/series/,en,en,[],0
https://5sigmas.com/en/series/agentes-ia/00_presentacion_serie/,en,en,[],0
https://5sigmas.com/en/series/agentes-ia/01-que-es-un-agente/,en,en,[],0
https://5sigmas.com/en/series/agentes-ia/02-anatomia-de-un-agente/,en,en,[],0
https://5sigmas.com/en/series/agentes-ia/03-como-evaluar-un-agente/,en,en,[],0
https://5sigmas.com/en/series/agentes-ia/04-seguridad-agentes/,en,en,[],0
https://5sigmas.com/en/series/agentes-ia/05-de-la-demo-a-produccion/,en,en,[],0
https://5sigmas.com/en/series/datacenters-espacio/00_presentacion_serie/,en,en,[],0
https://5sigmas.com/en/series/datacenters-espacio/01-por-que-ahora/,en,en,[],0
https://5sigmas.com/en/series/datacenters-espacio/02-energia-calor-conectividad/,en,en,[],0
https://5sigmas.com/en/series/datacenters-espacio/03-que-es-datacenter-espacio/,en,en,[],0
https://5sigmas.com/en/series/datacenters-espacio/04-huella-real-datacenter/,en,en,[],0
https://5sigmas.com/en/series/from-cave-to-agi/00_presentacion_serie/,en,en,[],0
https://5sigmas.com/en/series/from-cave-to-agi/01-representar/,en,en,[],0
https://5sigmas.com/en/series/from-cave-to-agi/02-mecanizar/,en,en,[],0
https://5sigmas.com/en/series/from-cave-to-agi/03-aprender/,en,en,[],0
https://5sigmas.com/en/series/from-cave-to-agi/04-escalar/,en,en,[],0
https://5sigmas.com/en/series/from-cave-to-agi/05-mas-alla/,en,en,[],0
https://5sigmas.com/en/series/fundamentos-ia-iag/00_presentacion_serie/,en,en,[],0
https://5sigmas.com/en/series/fundamentos-ia-iag/01-que-es-ia/,en,en,[],0
https://5sigmas.com/en/series/fundamentos-ia-iag/02-que-es-ia-generativa/,en,en,[],0
https://5sigmas.com/en/series/fundamentos-ia-iag/03-ia-vs-ia-generativa/,en,en,[],0
https://5sigmas.com/en/series/fundamentos-ia-iag/04-agi/,en,en,[],0
https://5sigmas.com/en/series/ia-pib-bienestar-energia/00_presentacion_serie/,en,en,[],0
https://5sigmas.com/en/series/ia-pib-bienestar-energia/01-electricidad-bienestar/,en,en,[],0
https://5sigmas.com/en/series/ia-pib-bienestar-energia/02-ia-tecnologia-electrica/,en,en,[],0
https://5sigmas.com/en/series/ia-pib-bienestar-energia/03-pib-vs-bienestar/,en,en,[],0
https://5sigmas.com/en/series/ia-pib-bienestar-energia/04-ia-pib-hoy/,en,en,[],0
https://5sigmas.com/en/series/modelos-razonadores/00_presentacion_serie/,en,en,[],0
https://5sigmas.com/en/series/modelos-razonadores/01-que-es-razonar/,en,en,[],0
https://5sigmas.com/en/series/modelos-razonadores/02-fallos/,en,en,[],0
https://5sigmas.com/en/series/modelos-razonadores/03-test-time-compute/,en,en,[],0
https://5sigmas.com/en/series/modelos-razonadores/04-latencia-streaming/,en,en,[],0
https://5sigmas.com/en/series/modelos-razonadores/05-riesgos/,en,en,[],0
https://5sigmas.com/en/series/multimodalidad-iag/00_presentacion_serie/,en,en,[],0
https://5sigmas.com/en/series/multimodalidad-iag/01-el-problema/,en,en,[],0
https://5sigmas.com/en/series/multimodalidad-iag/02-alineamiento/,en,en,[],0
https://5sigmas.com/en/series/multimodalidad-iag/03-arquitecturas/,en,en,[],0
https://5sigmas.com/en/series/multimodalidad-iag/04-evaluacion/,en,en,[],0
https://5sigmas.com/en/series/multimodalidad-iag/05-riesgos/,en,en,[],0
https://5sigmas.com/en/series/seguridad-ia/00_presentacion_serie/,en,en,[],0
https://5sigmas.com/en/series/seguridad-ia/01-prompt-injection/,en,en,[],0
https://5sigmas.com/en/series/seguridad-ia/02-jailbreaks/,en,en,[],0
https://5sigmas.com/en/series/seguridad-ia/03-envenenamiento/,en,en,[],0
https://5sigmas.com/en/series/seguridad-ia/04-red-teaming/,en,en,[],0
https://5sigmas.com/en/series/seguridad-ia/05-controles-produccion/,en,en,[],0
https://5sigmas.com/en/temas/,en,en,[],0
https://5sigmas.com/en/temas/agentes-ia/,en,en,[],0
https://5sigmas.com/en/temas/evaluacion-modelos/,en,en,[],0
https://5sigmas.com/en/temas/llms/,en,en,[],0
https://5sigmas.com/en/temas/prompt-injection/,en,en,[],0
https://5sigmas.com/en/temas/razonamiento/,en,en,[],0
https://5sigmas.com/en/temas/transformer/,en,en,[],0
https://5sigmas.com/en/videos/,en,en,[],0
https://5sigmas.com/en/videos/articulos-tecnicos/reactive-proactive-agent-header-demo/,en,en,[],0
https://5sigmas.com/en/videos/series/agentes-ia/00_presentacion_serie/,en,en,[],0
https://5sigmas.com/en/videos/series/agentes-ia/01-que-es-un-agente/,en,en,[],0
https://5sigmas.com/en/videos/series/agentes-ia/02-anatomia-de-un-agente/,en,en,[],0
https://5sigmas.com/en/videos/series/agentes-ia/03-como-evaluar-un-agente/,en,en,[],0
https://5sigmas.com/en/videos/series/agentes-ia/04-seguridad-agentes/,en,en,[],0
https://5sigmas.com/en/videos/series/agentes-ia/05-de-la-demo-a-produccion/,en,en,[],0
https://5sigmas.com/en/videos/series/datacenters-espacio/00_presentacion_serie/,en,en,[],0
https://5sigmas.com/en/videos/series/datacenters-espacio/01-por-que-ahora/,en,en,[],0
https://5sigmas.com/en/videos/series/datacenters-espacio/02-energia-calor-conectividad/,en,en,[],0
https://5sigmas.com/en/videos/series/datacenters-espacio/03-que-es-datacenter-espacio/,en,en,[],0
https://5sigmas.com/en/videos/series/datacenters-espacio/04-huella-real-datacenter/,en,en,[],0
https://5sigmas.com/en/videos/series/from-cave-to-agi/00_presentacion_serie/,en,en,[],0
https://5sigmas.com/en/videos/series/from-cave-to-agi/01-representar/,en,en,[],0
https://5sigmas.com/en/videos/series/from-cave-to-agi/02-mecanizar/,en,en,[],0
https://5sigmas.com/en/videos/series/from-cave-to-agi/03-aprender/,en,en,[],0
https://5sigmas.com/en/videos/series/from-cave-to-agi/04-escalar/,en,en,[],0
https://5sigmas.com/en/videos/series/from-cave-to-agi/05-mas-alla/,en,en,[],0
https://5sigmas.com/en/videos/series/fundamentos-ia-iag/00_presentacion_serie/,en,en,[],0
https://5sigmas.com/en/videos/series/fundamentos-ia-iag/01-que-es-ia/,en,en,[],0
https://5sigmas.com/en/videos/series/fundamentos-ia-iag/02-que-es-ia-generativa/,en,en,[],0
https://5sigmas.com/en/videos/series/fundamentos-ia-iag/03-ia-vs-ia-generativa/,en,en,[],0
https://5sigmas.com/en/videos/series/fundamentos-ia-iag/04-agi/,en,en,[],0
https://5sigmas.com/en/videos/series/ia-pib-bienestar-energia/00_presentacion_serie/,en,en,[],0
https://5sigmas.com/en/videos/series/ia-pib-bienestar-energia/01-electricidad-bienestar/,en,en,[],0
https://5sigmas.com/en/videos/series/ia-pib-bienestar-energia/02-ia-tecnologia-electrica/,en,en,[],0
https://5sigmas.com/en/videos/series/ia-pib-bienestar-energia/03-pib-vs-bienestar/,en,en,[],0
https://5sigmas.com/en/videos/series/ia-pib-bienestar-energia/04-ia-pib-hoy/,en,en,[],0
https://5sigmas.com/en/videos/series/modelos-razonadores/00_presentacion_serie/,en,en,[],0
https://5sigmas.com/en/videos/series/modelos-razonadores/01-que-es-razonar/,en,en,[],0
https://5sigmas.com/en/videos/series/modelos-razonadores/02-fallos/,en,en,[],0
https://5sigmas.com/en/videos/series/modelos-razonadores/03-test-time-compute/,en,en,[],0
https://5sigmas.com/en/videos/series/modelos-razonadores/04-latencia-streaming/,en,en,[],0
https://5sigmas.com/en/videos/series/modelos-razonadores/05-riesgos/,en,en,[],0
https://5sigmas.com/en/videos/series/multimodalidad-iag/00_presentacion_serie/,en,en,[],0
https://5sigmas.com/en/videos/series/multimodalidad-iag/01-el-problema/,en,en,[],0
https://5sigmas.com/en/videos/series/multimodalidad-iag/02-alineamiento/,en,en,[],0
https://5sigmas.com/en/videos/series/multimodalidad-iag/03-arquitecturas/,en,en,[],0
https://5sigmas.com/en/videos/series/multimodalidad-iag/04-evaluacion/,en,en,[],0
https://5sigmas.com/en/videos/series/multimodalidad-iag/05-riesgos/,en,en,[],0
https://5sigmas.com/en/videos/series/seguridad-ia/00_presentacion_serie/,en,en,[],0
https://5sigmas.com/en/videos/series/seguridad-ia/01-prompt-injection/,en,en,[],0
https://5sigmas.com/en/videos/series/seguridad-ia/02-jailbreaks/,en,en,[],0
https://5sigmas.com/en/videos/series/seguridad-ia/03-envenenamiento/,en,en,[],0
https://5sigmas.com/en/videos/series/seguridad-ia/04-red-teaming/,en,en,[],0
https://5sigmas.com/en/videos/series/seguridad-ia/05-controles-produccion/,en,en,[],0
https://5sigmas.com/en/visuales/,en,en,[],0
https://5sigmas.com/meta/about/,es,es,[],0
https://5sigmas.com/proximamente/,es,es,[],0
https://5sigmas.com/series/,es,es,[],0
https://5sigmas.com/series/agentes-ia/00_presentacion_serie/,es,es,[],0
https://5sigmas.com/series/agentes-ia/01-que-es-un-agente/,es,es,[],0
https://5sigmas.com/series/agentes-ia/02-anatomia-de-un-agente/,es,es,[],0
https://5sigmas.com/series/agentes-ia/03-como-evaluar-un-agente/,es,es,[],0
https://5sigmas.com/series/agentes-ia/04-seguridad-agentes/,es,es,[],0
https://5sigmas.com/series/agentes-ia/05-de-la-demo-a-produccion/,es,es,[],0
https://5sigmas.com/series/datacenters-espacio/00_presentacion_serie/,es,es,[],0
https://5sigmas.com/series/datacenters-espacio/01-por-que-ahora/,es,es,[],0
https://5sigmas.com/series/datacenters-espacio/02-energia-calor-conectividad/,es,es,[],0
https://5sigmas.com/series/datacenters-espacio/03-que-es-datacenter-espacio/,es,es,[],0
https://5sigmas.com/series/datacenters-espacio/04-huella-real-datacenter/,es,es,[],0
https://5sigmas.com/series/from-cave-to-agi/00_presentacion_serie/,es,es,[],0
https://5sigmas.com/series/from-cave-to-agi/01-representar/,es,es,[],0
https://5sigmas.com/series/from-cave-to-agi/02-mecanizar/,es,es,[],0
https://5sigmas.com/series/from-cave-to-agi/03-aprender/,es,es,[],0
https://5sigmas.com/series/from-cave-to-agi/04-escalar/,es,es,[],0
https://5sigmas.com/series/from-cave-to-agi/05-mas-alla/,es,es,[],0
https://5sigmas.com/series/fundamentos-ia-iag/00_presentacion_serie/,es,es,[],0
https://5sigmas.com/series/fundamentos-ia-iag/01-que-es-ia/,es,es,[],0
https://5sigmas.com/series/fundamentos-ia-iag/02-que-es-ia-generativa/,es,es,[],0
https://5sigmas.com/series/fundamentos-ia-iag/03-ia-vs-ia-generativa/,es,es,[],0
https://5sigmas.com/series/fundamentos-ia-iag/04-agi/,es,es,[],0
https://5sigmas.com/series/ia-pib-bienestar-energia/00_presentacion_serie/,es,es,[],0
https://5sigmas.com/series/ia-pib-bienestar-energia/01-electricidad-bienestar/,es,es,[],0
https://5sigmas.com/series/ia-pib-bienestar-energia/02-ia-tecnologia-electrica/,es,es,[],0
https://5sigmas.com/series/ia-pib-bienestar-energia/03-pib-vs-bienestar/,es,es,[],0
https://5sigmas.com/series/ia-pib-bienestar-energia/04-ia-pib-hoy/,es,es,[],0
https://5sigmas.com/series/modelos-razonadores/00_presentacion_serie/,es,es,[],0
https://5sigmas.com/series/modelos-razonadores/01-que-es-razonar/,es,es,[],0
https://5sigmas.com/series/modelos-razonadores/02-fallos/,es,es,[],0
https://5sigmas.com/series/modelos-razonadores/03-test-time-compute/,es,es,[],0
https://5sigmas.com/series/modelos-razonadores/04-latencia-streaming/,es,es,[],0
https://5sigmas.com/series/modelos-razonadores/05-riesgos/,es,es,[],0
https://5sigmas.com/series/multimodalidad-iag/00_presentacion_serie/,es,es,[],0
https://5sigmas.com/series/multimodalidad-iag/01-el-problema/,es,es,[],0
https://5sigmas.com/series/multimodalidad-iag/02-alineamiento/,es,es,[],0
https://5sigmas.com/series/multimodalidad-iag/03-arquitecturas/,es,es,[],0
https://5sigmas.com/series/multimodalidad-iag/04-evaluacion/,es,es,[],0
https://5sigmas.com/series/multimodalidad-iag/05-riesgos/,es,es,[],0
https://5sigmas.com/series/seguridad-ia/00_presentacion_serie/,es,es,[],0
https://5sigmas.com/series/seguridad-ia/01-prompt-injection/,es,es,[],0
https://5sigmas.com/series/seguridad-ia/02-jailbreaks/,es,es,[],0
https://5sigmas.com/series/seguridad-ia/03-envenenamiento/,es,es,[],0
https://5sigmas.com/series/seguridad-ia/04-red-teaming/,es,es,[],0
https://5sigmas.com/series/seguridad-ia/05-controles-produccion/,es,es,[],0
https://5sigmas.com/tags/,es,es,[],0
https://5sigmas.com/temas/,es,es,[],0
https://5sigmas.com/temas/agentes-ia/,es,es,[],0
https://5sigmas.com/temas/evaluacion-modelos/,es,es,[],0
https://5sigmas.com/temas/llms/,es,es,[],0
https://5sigmas.com/temas/prompt-injection/,es,es,[],0
https://5sigmas.com/temas/razonamiento/,es,es,[],0
https://5sigmas.com/temas/transformer/,es,es,[],0
https://5sigmas.com/videos/,es,es,[],0
https://5sigmas.com/videos/articulos-tecnicos/reactive-proactive-agent-header-demo/,es,es,[],0
https://5sigmas.com/videos/series/agentes-ia/00_presentacion_serie/,es,es,[],0
https://5sigmas.com/videos/series/agentes-ia/01-que-es-un-agente/,es,es,[],0
https://5sigmas.com/videos/series/agentes-ia/02-anatomia-de-un-agente/,es,es,[],0
https://5sigmas.com/videos/series/agentes-ia/03-como-evaluar-un-agente/,es,es,[],0
https://5sigmas.com/videos/series/agentes-ia/04-seguridad-agentes/,es,es,[],0
https://5sigmas.com/videos/series/agentes-ia/05-de-la-demo-a-produccion/,es,es,[],0
https://5sigmas.com/videos/series/datacenters-espacio/00_presentacion_serie/,es,es,[],0
https://5sigmas.com/videos/series/datacenters-espacio/01-por-que-ahora/,es,es,[],0
https://5sigmas.com/videos/series/datacenters-espacio/02-energia-calor-conectividad/,es,es,[],0
https://5sigmas.com/videos/series/datacenters-espacio/03-que-es-datacenter-espacio/,es,es,[],0
https://5sigmas.com/videos/series/datacenters-espacio/04-huella-real-datacenter/,es,es,[],0
https://5sigmas.com/videos/series/from-cave-to-agi/00_presentacion_serie/,es,es,[],0
https://5sigmas.com/videos/series/from-cave-to-agi/01-representar/,es,es,[],0
https://5sigmas.com/videos/series/from-cave-to-agi/02-mecanizar/,es,es,[],0
https://5sigmas.com/videos/series/from-cave-to-agi/03-aprender/,es,es,[],0
https://5sigmas.com/videos/series/from-cave-to-agi/04-escalar/,es,es,[],0
https://5sigmas.com/videos/series/from-cave-to-agi/05-mas-alla/,es,es,[],0
https://5sigmas.com/videos/series/fundamentos-ia-iag/00_presentacion_serie/,es,es,[],0
https://5sigmas.com/videos/series/fundamentos-ia-iag/01-que-es-ia/,es,es,[],0
https://5sigmas.com/videos/series/fundamentos-ia-iag/02-que-es-ia-generativa/,es,es,[],0
https://5sigmas.com/videos/series/fundamentos-ia-iag/03-ia-vs-ia-generativa/,es,es,[],0
https://5sigmas.com/videos/series/fundamentos-ia-iag/04-agi/,es,es,[],0
https://5sigmas.com/videos/series/ia-pib-bienestar-energia/00_presentacion_serie/,es,es,[],0
https://5sigmas.com/videos/series/ia-pib-bienestar-energia/01-electricidad-bienestar/,es,es,[],0
https://5sigmas.com/videos/series/ia-pib-bienestar-energia/02-ia-tecnologia-electrica/,es,es,[],0
https://5sigmas.com/videos/series/ia-pib-bienestar-energia/03-pib-vs-bienestar/,es,es,[],0
https://5sigmas.com/videos/series/ia-pib-bienestar-energia/04-ia-pib-hoy/,es,es,[],0
https://5sigmas.com/videos/series/modelos-razonadores/00_presentacion_serie/,es,es,[],0
https://5sigmas.com/videos/series/modelos-razonadores/01-que-es-razonar/,es,es,[],0
https://5sigmas.com/videos/series/modelos-razonadores/02-fallos/,es,es,[],0
https://5sigmas.com/videos/series/modelos-razonadores/03-test-time-compute/,es,es,[],0
https://5sigmas.com/videos/series/modelos-razonadores/04-latencia-streaming/,es,es,[],0
https://5sigmas.com/videos/series/modelos-razonadores/05-riesgos/,es,es,[],0
https://5sigmas.com/videos/series/multimodalidad-iag/00_presentacion_serie/,es,es,[],0
https://5sigmas.com/videos/series/multimodalidad-iag/01-el-problema/,es,es,[],0
https://5sigmas.com/videos/series/multimodalidad-iag/02-alineamiento/,es,es,[],0
https://5sigmas.com/videos/series/multimodalidad-iag/03-arquitecturas/,es,es,[],0
https://5sigmas.com/videos/series/multimodalidad-iag/04-evaluacion/,es,es,[],0
https://5sigmas.com/videos/series/multimodalidad-iag/05-riesgos/,es,es,[],0
https://5sigmas.com/videos/series/seguridad-ia/01-prompt-injection/,es,es,[],0
https://5sigmas.com/videos/series/seguridad-ia/02-jailbreaks/,es,es,[],0
https://5sigmas.com/videos/series/seguridad-ia/03-envenenamiento/,es,es,[],0
https://5sigmas.com/videos/series/seguridad-ia/04-red-teaming/,es,es,[],0
https://5sigmas.com/videos/series/seguridad-ia/05-controles-produccion/,es,es,[],0
https://5sigmas.com/visuales/,es,es,[],0
