url,sitemaps,status,classification,canonical,canonical_ok,valid
https://5sigmas.com/,sitemap.xml,200,INDEX,https://5sigmas.com/,True,True
https://5sigmas.com/articulos-tecnicos/,sitemap.xml,200,INDEX,https://5sigmas.com/articulos-tecnicos/,True,True
https://5sigmas.com/articulos-tecnicos/proactive-reactive-agent-and-tool-calls/,sitemap.xml,200,INDEX,https://5sigmas.com/articulos-tecnicos/proactive-reactive-agent-and-tool-calls/,True,True
https://5sigmas.com/articulos-tecnicos/reactive-proactive-voice-agents/,sitemap.xml,200,INDEX,https://5sigmas.com/articulos-tecnicos/reactive-proactive-voice-agents/,True,True
https://5sigmas.com/articulos-tecnicos/voice-agent-architectures/,sitemap.xml,200,INDEX,https://5sigmas.com/articulos-tecnicos/voice-agent-architectures/,True,True
https://5sigmas.com/en/,en/sitemap.xml,200,INDEX,https://5sigmas.com/en/,True,True
https://5sigmas.com/en/articulos-tecnicos/,en/sitemap.xml,200,INDEX,https://5sigmas.com/en/articulos-tecnicos/,True,True
https://5sigmas.com/en/articulos-tecnicos/proactive-reactive-agent-and-tool-calls/,en/sitemap.xml,200,INDEX,https://5sigmas.com/en/articulos-tecnicos/proactive-reactive-agent-and-tool-calls/,True,True
https://5sigmas.com/en/articulos-tecnicos/reactive-proactive-voice-agents/,en/sitemap.xml,200,INDEX,https://5sigmas.com/en/articulos-tecnicos/reactive-proactive-voice-agents/,True,True
https://5sigmas.com/en/articulos-tecnicos/voice-agent-architectures/,en/sitemap.xml,200,INDEX,https://5sigmas.com/en/articulos-tecnicos/voice-agent-architectures/,True,True
https://5sigmas.com/en/meta/about/,en/sitemap.xml,200,INDEX,https://5sigmas.com/en/meta/about/,True,True
https://5sigmas.com/en/series/,en/sitemap.xml,200,INDEX,https://5sigmas.com/en/series/,True,True
https://5sigmas.com/en/series/agentes-ia/00_presentacion_serie/,en/sitemap.xml,200,INDEX,https://5sigmas.com/en/series/agentes-ia/00_presentacion_serie/,True,True
https://5sigmas.com/en/series/agentes-ia/01-que-es-un-agente/,en/sitemap.xml,200,INDEX,https://5sigmas.com/en/series/agentes-ia/01-que-es-un-agente/,True,True
https://5sigmas.com/en/series/agentes-ia/02-anatomia-de-un-agente/,en/sitemap.xml,200,INDEX,https://5sigmas.com/en/series/agentes-ia/02-anatomia-de-un-agente/,True,True
https://5sigmas.com/en/series/agentes-ia/03-como-evaluar-un-agente/,en/sitemap.xml,200,INDEX,https://5sigmas.com/en/series/agentes-ia/03-como-evaluar-un-agente/,True,True
https://5sigmas.com/en/series/agentes-ia/04-seguridad-agentes/,en/sitemap.xml,200,INDEX,https://5sigmas.com/en/series/agentes-ia/04-seguridad-agentes/,True,True
https://5sigmas.com/en/series/agentes-ia/05-de-la-demo-a-produccion/,en/sitemap.xml,200,INDEX,https://5sigmas.com/en/series/agentes-ia/05-de-la-demo-a-produccion/,True,True
https://5sigmas.com/en/series/datacenters-espacio/00_presentacion_serie/,en/sitemap.xml,200,INDEX,https://5sigmas.com/en/series/datacenters-espacio/00_presentacion_serie/,True,True
https://5sigmas.com/en/series/datacenters-espacio/01-por-que-ahora/,en/sitemap.xml,200,INDEX,https://5sigmas.com/en/series/datacenters-espacio/01-por-que-ahora/,True,True
https://5sigmas.com/en/series/datacenters-espacio/02-energia-calor-conectividad/,en/sitemap.xml,200,INDEX,https://5sigmas.com/en/series/datacenters-espacio/02-energia-calor-conectividad/,True,True
https://5sigmas.com/en/series/datacenters-espacio/03-que-es-datacenter-espacio/,en/sitemap.xml,200,INDEX,https://5sigmas.com/en/series/datacenters-espacio/03-que-es-datacenter-espacio/,True,True
https://5sigmas.com/en/series/datacenters-espacio/04-huella-real-datacenter/,en/sitemap.xml,200,INDEX,https://5sigmas.com/en/series/datacenters-espacio/04-huella-real-datacenter/,True,True
https://5sigmas.com/en/series/from-cave-to-agi/00_presentacion_serie/,en/sitemap.xml,200,INDEX,https://5sigmas.com/en/series/from-cave-to-agi/00_presentacion_serie/,True,True
https://5sigmas.com/en/series/from-cave-to-agi/01-representar/,en/sitemap.xml,200,INDEX,https://5sigmas.com/en/series/from-cave-to-agi/01-representar/,True,True
https://5sigmas.com/en/series/from-cave-to-agi/02-mecanizar/,en/sitemap.xml,200,INDEX,https://5sigmas.com/en/series/from-cave-to-agi/02-mecanizar/,True,True
https://5sigmas.com/en/series/from-cave-to-agi/03-aprender/,en/sitemap.xml,200,INDEX,https://5sigmas.com/en/series/from-cave-to-agi/03-aprender/,True,True
https://5sigmas.com/en/series/from-cave-to-agi/04-escalar/,en/sitemap.xml,200,INDEX,https://5sigmas.com/en/series/from-cave-to-agi/04-escalar/,True,True
https://5sigmas.com/en/series/from-cave-to-agi/05-mas-alla/,en/sitemap.xml,200,INDEX,https://5sigmas.com/en/series/from-cave-to-agi/05-mas-alla/,True,True
https://5sigmas.com/en/series/fundamentos-ia-iag/00_presentacion_serie/,en/sitemap.xml,200,INDEX,https://5sigmas.com/en/series/fundamentos-ia-iag/00_presentacion_serie/,True,True
https://5sigmas.com/en/series/fundamentos-ia-iag/01-que-es-ia/,en/sitemap.xml,200,INDEX,https://5sigmas.com/en/series/fundamentos-ia-iag/01-que-es-ia/,True,True
https://5sigmas.com/en/series/fundamentos-ia-iag/02-que-es-ia-generativa/,en/sitemap.xml,200,INDEX,https://5sigmas.com/en/series/fundamentos-ia-iag/02-que-es-ia-generativa/,True,True
https://5sigmas.com/en/series/fundamentos-ia-iag/03-ia-vs-ia-generativa/,en/sitemap.xml,200,INDEX,https://5sigmas.com/en/series/fundamentos-ia-iag/03-ia-vs-ia-generativa/,True,True
https://5sigmas.com/en/series/fundamentos-ia-iag/04-agi/,en/sitemap.xml,200,INDEX,https://5sigmas.com/en/series/fundamentos-ia-iag/04-agi/,True,True
https://5sigmas.com/en/series/ia-pib-bienestar-energia/00_presentacion_serie/,en/sitemap.xml,200,INDEX,https://5sigmas.com/en/series/ia-pib-bienestar-energia/00_presentacion_serie/,True,True
https://5sigmas.com/en/series/ia-pib-bienestar-energia/01-electricidad-bienestar/,en/sitemap.xml,200,INDEX,https://5sigmas.com/en/series/ia-pib-bienestar-energia/01-electricidad-bienestar/,True,True
https://5sigmas.com/en/series/ia-pib-bienestar-energia/02-ia-tecnologia-electrica/,en/sitemap.xml,200,INDEX,https://5sigmas.com/en/series/ia-pib-bienestar-energia/02-ia-tecnologia-electrica/,True,True
https://5sigmas.com/en/series/ia-pib-bienestar-energia/03-pib-vs-bienestar/,en/sitemap.xml,200,INDEX,https://5sigmas.com/en/series/ia-pib-bienestar-energia/03-pib-vs-bienestar/,True,True
https://5sigmas.com/en/series/ia-pib-bienestar-energia/04-ia-pib-hoy/,en/sitemap.xml,200,INDEX,https://5sigmas.com/en/series/ia-pib-bienestar-energia/04-ia-pib-hoy/,True,True
https://5sigmas.com/en/series/modelos-razonadores/00_presentacion_serie/,en/sitemap.xml,200,INDEX,https://5sigmas.com/en/series/modelos-razonadores/00_presentacion_serie/,True,True
https://5sigmas.com/en/series/modelos-razonadores/01-que-es-razonar/,en/sitemap.xml,200,INDEX,https://5sigmas.com/en/series/modelos-razonadores/01-que-es-razonar/,True,True
https://5sigmas.com/en/series/modelos-razonadores/02-fallos/,en/sitemap.xml,200,INDEX,https://5sigmas.com/en/series/modelos-razonadores/02-fallos/,True,True
https://5sigmas.com/en/series/modelos-razonadores/03-test-time-compute/,en/sitemap.xml,200,INDEX,https://5sigmas.com/en/series/modelos-razonadores/03-test-time-compute/,True,True
https://5sigmas.com/en/series/modelos-razonadores/04-latencia-streaming/,en/sitemap.xml,200,INDEX,https://5sigmas.com/en/series/modelos-razonadores/04-latencia-streaming/,True,True
https://5sigmas.com/en/series/modelos-razonadores/05-riesgos/,en/sitemap.xml,200,INDEX,https://5sigmas.com/en/series/modelos-razonadores/05-riesgos/,True,True
https://5sigmas.com/en/series/multimodalidad-iag/00_presentacion_serie/,en/sitemap.xml,200,INDEX,https://5sigmas.com/en/series/multimodalidad-iag/00_presentacion_serie/,True,True
https://5sigmas.com/en/series/multimodalidad-iag/01-el-problema/,en/sitemap.xml,200,INDEX,https://5sigmas.com/en/series/multimodalidad-iag/01-el-problema/,True,True
https://5sigmas.com/en/series/multimodalidad-iag/02-alineamiento/,en/sitemap.xml,200,INDEX,https://5sigmas.com/en/series/multimodalidad-iag/02-alineamiento/,True,True
https://5sigmas.com/en/series/multimodalidad-iag/03-arquitecturas/,en/sitemap.xml,200,INDEX,https://5sigmas.com/en/series/multimodalidad-iag/03-arquitecturas/,True,True
https://5sigmas.com/en/series/multimodalidad-iag/04-evaluacion/,en/sitemap.xml,200,INDEX,https://5sigmas.com/en/series/multimodalidad-iag/04-evaluacion/,True,True
https://5sigmas.com/en/series/multimodalidad-iag/05-riesgos/,en/sitemap.xml,200,INDEX,https://5sigmas.com/en/series/multimodalidad-iag/05-riesgos/,True,True
https://5sigmas.com/en/series/seguridad-ia/00_presentacion_serie/,en/sitemap.xml,200,INDEX,https://5sigmas.com/en/series/seguridad-ia/00_presentacion_serie/,True,True
https://5sigmas.com/en/series/seguridad-ia/01-prompt-injection/,en/sitemap.xml,200,INDEX,https://5sigmas.com/en/series/seguridad-ia/01-prompt-injection/,True,True
https://5sigmas.com/en/series/seguridad-ia/02-jailbreaks/,en/sitemap.xml,200,INDEX,https://5sigmas.com/en/series/seguridad-ia/02-jailbreaks/,True,True
https://5sigmas.com/en/series/seguridad-ia/03-envenenamiento/,en/sitemap.xml,200,INDEX,https://5sigmas.com/en/series/seguridad-ia/03-envenenamiento/,True,True
https://5sigmas.com/en/series/seguridad-ia/04-red-teaming/,en/sitemap.xml,200,INDEX,https://5sigmas.com/en/series/seguridad-ia/04-red-teaming/,True,True
https://5sigmas.com/en/series/seguridad-ia/05-controles-produccion/,en/sitemap.xml,200,INDEX,https://5sigmas.com/en/series/seguridad-ia/05-controles-produccion/,True,True
https://5sigmas.com/en/temas/,en/sitemap.xml,200,INDEX,https://5sigmas.com/en/temas/,True,True
https://5sigmas.com/en/temas/agentes-ia/,en/sitemap.xml,200,INDEX,https://5sigmas.com/en/temas/agentes-ia/,True,True
https://5sigmas.com/en/temas/evaluacion-modelos/,en/sitemap.xml,200,INDEX,https://5sigmas.com/en/temas/evaluacion-modelos/,True,True
https://5sigmas.com/en/temas/llms/,en/sitemap.xml,200,INDEX,https://5sigmas.com/en/temas/llms/,True,True
https://5sigmas.com/en/temas/prompt-injection/,en/sitemap.xml,200,INDEX,https://5sigmas.com/en/temas/prompt-injection/,True,True
https://5sigmas.com/en/temas/razonamiento/,en/sitemap.xml,200,INDEX,https://5sigmas.com/en/temas/razonamiento/,True,True
https://5sigmas.com/en/temas/transformer/,en/sitemap.xml,200,INDEX,https://5sigmas.com/en/temas/transformer/,True,True
https://5sigmas.com/en/videos/,en/sitemap.xml,200,INDEX,https://5sigmas.com/en/videos/,True,True
https://5sigmas.com/en/videos/articulos-tecnicos/reactive-proactive-agent-header-demo/,en/sitemap.xml,200,INDEX,https://5sigmas.com/en/videos/articulos-tecnicos/reactive-proactive-agent-header-demo/,True,True
https://5sigmas.com/en/videos/series/agentes-ia/00_presentacion_serie/,en/sitemap.xml,200,INDEX,https://5sigmas.com/en/videos/series/agentes-ia/00_presentacion_serie/,True,True
https://5sigmas.com/en/videos/series/agentes-ia/01-que-es-un-agente/,en/sitemap.xml,200,INDEX,https://5sigmas.com/en/videos/series/agentes-ia/01-que-es-un-agente/,True,True
https://5sigmas.com/en/videos/series/agentes-ia/02-anatomia-de-un-agente/,en/sitemap.xml,200,INDEX,https://5sigmas.com/en/videos/series/agentes-ia/02-anatomia-de-un-agente/,True,True
https://5sigmas.com/en/videos/series/agentes-ia/03-como-evaluar-un-agente/,en/sitemap.xml,200,INDEX,https://5sigmas.com/en/videos/series/agentes-ia/03-como-evaluar-un-agente/,True,True
https://5sigmas.com/en/videos/series/agentes-ia/04-seguridad-agentes/,en/sitemap.xml,200,INDEX,https://5sigmas.com/en/videos/series/agentes-ia/04-seguridad-agentes/,True,True
https://5sigmas.com/en/videos/series/agentes-ia/05-de-la-demo-a-produccion/,en/sitemap.xml,200,INDEX,https://5sigmas.com/en/videos/series/agentes-ia/05-de-la-demo-a-produccion/,True,True
https://5sigmas.com/en/videos/series/datacenters-espacio/00_presentacion_serie/,en/sitemap.xml,200,INDEX,https://5sigmas.com/en/videos/series/datacenters-espacio/00_presentacion_serie/,True,True
https://5sigmas.com/en/videos/series/datacenters-espacio/01-por-que-ahora/,en/sitemap.xml,200,INDEX,https://5sigmas.com/en/videos/series/datacenters-espacio/01-por-que-ahora/,True,True
https://5sigmas.com/en/videos/series/datacenters-espacio/02-energia-calor-conectividad/,en/sitemap.xml,200,INDEX,https://5sigmas.com/en/videos/series/datacenters-espacio/02-energia-calor-conectividad/,True,True
https://5sigmas.com/en/videos/series/datacenters-espacio/03-que-es-datacenter-espacio/,en/sitemap.xml,200,INDEX,https://5sigmas.com/en/videos/series/datacenters-espacio/03-que-es-datacenter-espacio/,True,True
https://5sigmas.com/en/videos/series/datacenters-espacio/04-huella-real-datacenter/,en/sitemap.xml,200,INDEX,https://5sigmas.com/en/videos/series/datacenters-espacio/04-huella-real-datacenter/,True,True
https://5sigmas.com/en/videos/series/from-cave-to-agi/00_presentacion_serie/,en/sitemap.xml,200,INDEX,https://5sigmas.com/en/videos/series/from-cave-to-agi/00_presentacion_serie/,True,True
https://5sigmas.com/en/videos/series/from-cave-to-agi/01-representar/,en/sitemap.xml,200,INDEX,https://5sigmas.com/en/videos/series/from-cave-to-agi/01-representar/,True,True
https://5sigmas.com/en/videos/series/from-cave-to-agi/02-mecanizar/,en/sitemap.xml,200,INDEX,https://5sigmas.com/en/videos/series/from-cave-to-agi/02-mecanizar/,True,True
https://5sigmas.com/en/videos/series/from-cave-to-agi/03-aprender/,en/sitemap.xml,200,INDEX,https://5sigmas.com/en/videos/series/from-cave-to-agi/03-aprender/,True,True
https://5sigmas.com/en/videos/series/from-cave-to-agi/04-escalar/,en/sitemap.xml,200,INDEX,https://5sigmas.com/en/videos/series/from-cave-to-agi/04-escalar/,True,True
https://5sigmas.com/en/videos/series/from-cave-to-agi/05-mas-alla/,en/sitemap.xml,200,INDEX,https://5sigmas.com/en/videos/series/from-cave-to-agi/05-mas-alla/,True,True
https://5sigmas.com/en/videos/series/fundamentos-ia-iag/00_presentacion_serie/,en/sitemap.xml,200,INDEX,https://5sigmas.com/en/videos/series/fundamentos-ia-iag/00_presentacion_serie/,True,True
https://5sigmas.com/en/videos/series/fundamentos-ia-iag/01-que-es-ia/,en/sitemap.xml,200,INDEX,https://5sigmas.com/en/videos/series/fundamentos-ia-iag/01-que-es-ia/,True,True
https://5sigmas.com/en/videos/series/fundamentos-ia-iag/02-que-es-ia-generativa/,en/sitemap.xml,200,INDEX,https://5sigmas.com/en/videos/series/fundamentos-ia-iag/02-que-es-ia-generativa/,True,True
https://5sigmas.com/en/videos/series/fundamentos-ia-iag/03-ia-vs-ia-generativa/,en/sitemap.xml,200,INDEX,https://5sigmas.com/en/videos/series/fundamentos-ia-iag/03-ia-vs-ia-generativa/,True,True
https://5sigmas.com/en/videos/series/fundamentos-ia-iag/04-agi/,en/sitemap.xml,200,INDEX,https://5sigmas.com/en/videos/series/fundamentos-ia-iag/04-agi/,True,True
https://5sigmas.com/en/videos/series/ia-pib-bienestar-energia/00_presentacion_serie/,en/sitemap.xml,200,INDEX,https://5sigmas.com/en/videos/series/ia-pib-bienestar-energia/00_presentacion_serie/,True,True
https://5sigmas.com/en/videos/series/ia-pib-bienestar-energia/01-electricidad-bienestar/,en/sitemap.xml,200,INDEX,https://5sigmas.com/en/videos/series/ia-pib-bienestar-energia/01-electricidad-bienestar/,True,True
https://5sigmas.com/en/videos/series/ia-pib-bienestar-energia/02-ia-tecnologia-electrica/,en/sitemap.xml,200,INDEX,https://5sigmas.com/en/videos/series/ia-pib-bienestar-energia/02-ia-tecnologia-electrica/,True,True
https://5sigmas.com/en/videos/series/ia-pib-bienestar-energia/03-pib-vs-bienestar/,en/sitemap.xml,200,INDEX,https://5sigmas.com/en/videos/series/ia-pib-bienestar-energia/03-pib-vs-bienestar/,True,True
https://5sigmas.com/en/videos/series/ia-pib-bienestar-energia/04-ia-pib-hoy/,en/sitemap.xml,200,INDEX,https://5sigmas.com/en/videos/series/ia-pib-bienestar-energia/04-ia-pib-hoy/,True,True
https://5sigmas.com/en/videos/series/modelos-razonadores/00_presentacion_serie/,en/sitemap.xml,200,INDEX,https://5sigmas.com/en/videos/series/modelos-razonadores/00_presentacion_serie/,True,True
https://5sigmas.com/en/videos/series/modelos-razonadores/01-que-es-razonar/,en/sitemap.xml,200,INDEX,https://5sigmas.com/en/videos/series/modelos-razonadores/01-que-es-razonar/,True,True
https://5sigmas.com/en/videos/series/modelos-razonadores/02-fallos/,en/sitemap.xml,200,INDEX,https://5sigmas.com/en/videos/series/modelos-razonadores/02-fallos/,True,True
https://5sigmas.com/en/videos/series/modelos-razonadores/03-test-time-compute/,en/sitemap.xml,200,INDEX,https://5sigmas.com/en/videos/series/modelos-razonadores/03-test-time-compute/,True,True
https://5sigmas.com/en/videos/series/modelos-razonadores/04-latencia-streaming/,en/sitemap.xml,200,INDEX,https://5sigmas.com/en/videos/series/modelos-razonadores/04-latencia-streaming/,True,True
https://5sigmas.com/en/videos/series/modelos-razonadores/05-riesgos/,en/sitemap.xml,200,INDEX,https://5sigmas.com/en/videos/series/modelos-razonadores/05-riesgos/,True,True
https://5sigmas.com/en/videos/series/multimodalidad-iag/00_presentacion_serie/,en/sitemap.xml,200,INDEX,https://5sigmas.com/en/videos/series/multimodalidad-iag/00_presentacion_serie/,True,True
https://5sigmas.com/en/videos/series/multimodalidad-iag/01-el-problema/,en/sitemap.xml,200,INDEX,https://5sigmas.com/en/videos/series/multimodalidad-iag/01-el-problema/,True,True
https://5sigmas.com/en/videos/series/multimodalidad-iag/02-alineamiento/,en/sitemap.xml,200,INDEX,https://5sigmas.com/en/videos/series/multimodalidad-iag/02-alineamiento/,True,True
https://5sigmas.com/en/videos/series/multimodalidad-iag/03-arquitecturas/,en/sitemap.xml,200,INDEX,https://5sigmas.com/en/videos/series/multimodalidad-iag/03-arquitecturas/,True,True
https://5sigmas.com/en/videos/series/multimodalidad-iag/04-evaluacion/,en/sitemap.xml,200,INDEX,https://5sigmas.com/en/videos/series/multimodalidad-iag/04-evaluacion/,True,True
https://5sigmas.com/en/videos/series/multimodalidad-iag/05-riesgos/,en/sitemap.xml,200,INDEX,https://5sigmas.com/en/videos/series/multimodalidad-iag/05-riesgos/,True,True
https://5sigmas.com/en/videos/series/seguridad-ia/00_presentacion_serie/,en/sitemap.xml,200,INDEX,https://5sigmas.com/en/videos/series/seguridad-ia/00_presentacion_serie/,True,True
https://5sigmas.com/en/videos/series/seguridad-ia/01-prompt-injection/,en/sitemap.xml,200,INDEX,https://5sigmas.com/en/videos/series/seguridad-ia/01-prompt-injection/,True,True
https://5sigmas.com/en/videos/series/seguridad-ia/02-jailbreaks/,en/sitemap.xml,200,INDEX,https://5sigmas.com/en/videos/series/seguridad-ia/02-jailbreaks/,True,True
https://5sigmas.com/en/videos/series/seguridad-ia/03-envenenamiento/,en/sitemap.xml,200,INDEX,https://5sigmas.com/en/videos/series/seguridad-ia/03-envenenamiento/,True,True
https://5sigmas.com/en/videos/series/seguridad-ia/04-red-teaming/,en/sitemap.xml,200,INDEX,https://5sigmas.com/en/videos/series/seguridad-ia/04-red-teaming/,True,True
https://5sigmas.com/en/videos/series/seguridad-ia/05-controles-produccion/,en/sitemap.xml,200,INDEX,https://5sigmas.com/en/videos/series/seguridad-ia/05-controles-produccion/,True,True
https://5sigmas.com/en/visuales/,en/sitemap.xml,200,INDEX,https://5sigmas.com/en/visuales/,True,True
https://5sigmas.com/meta/about/,sitemap.xml,200,INDEX,https://5sigmas.com/meta/about/,True,True
https://5sigmas.com/series/,sitemap.xml,200,INDEX,https://5sigmas.com/series/,True,True
https://5sigmas.com/series/agentes-ia/00_presentacion_serie/,sitemap.xml,200,INDEX,https://5sigmas.com/series/agentes-ia/00_presentacion_serie/,True,True
https://5sigmas.com/series/agentes-ia/01-que-es-un-agente/,sitemap.xml,200,INDEX,https://5sigmas.com/series/agentes-ia/01-que-es-un-agente/,True,True
https://5sigmas.com/series/agentes-ia/02-anatomia-de-un-agente/,sitemap.xml,200,INDEX,https://5sigmas.com/series/agentes-ia/02-anatomia-de-un-agente/,True,True
https://5sigmas.com/series/agentes-ia/03-como-evaluar-un-agente/,sitemap.xml,200,INDEX,https://5sigmas.com/series/agentes-ia/03-como-evaluar-un-agente/,True,True
https://5sigmas.com/series/agentes-ia/04-seguridad-agentes/,sitemap.xml,200,INDEX,https://5sigmas.com/series/agentes-ia/04-seguridad-agentes/,True,True
https://5sigmas.com/series/agentes-ia/05-de-la-demo-a-produccion/,sitemap.xml,200,INDEX,https://5sigmas.com/series/agentes-ia/05-de-la-demo-a-produccion/,True,True
https://5sigmas.com/series/datacenters-espacio/00_presentacion_serie/,sitemap.xml,200,INDEX,https://5sigmas.com/series/datacenters-espacio/00_presentacion_serie/,True,True
https://5sigmas.com/series/datacenters-espacio/01-por-que-ahora/,sitemap.xml,200,INDEX,https://5sigmas.com/series/datacenters-espacio/01-por-que-ahora/,True,True
https://5sigmas.com/series/datacenters-espacio/02-energia-calor-conectividad/,sitemap.xml,200,INDEX,https://5sigmas.com/series/datacenters-espacio/02-energia-calor-conectividad/,True,True
https://5sigmas.com/series/datacenters-espacio/03-que-es-datacenter-espacio/,sitemap.xml,200,INDEX,https://5sigmas.com/series/datacenters-espacio/03-que-es-datacenter-espacio/,True,True
https://5sigmas.com/series/datacenters-espacio/04-huella-real-datacenter/,sitemap.xml,200,INDEX,https://5sigmas.com/series/datacenters-espacio/04-huella-real-datacenter/,True,True
https://5sigmas.com/series/from-cave-to-agi/00_presentacion_serie/,sitemap.xml,200,INDEX,https://5sigmas.com/series/from-cave-to-agi/00_presentacion_serie/,True,True
https://5sigmas.com/series/from-cave-to-agi/01-representar/,sitemap.xml,200,INDEX,https://5sigmas.com/series/from-cave-to-agi/01-representar/,True,True
https://5sigmas.com/series/from-cave-to-agi/02-mecanizar/,sitemap.xml,200,INDEX,https://5sigmas.com/series/from-cave-to-agi/02-mecanizar/,True,True
https://5sigmas.com/series/from-cave-to-agi/03-aprender/,sitemap.xml,200,INDEX,https://5sigmas.com/series/from-cave-to-agi/03-aprender/,True,True
https://5sigmas.com/series/from-cave-to-agi/04-escalar/,sitemap.xml,200,INDEX,https://5sigmas.com/series/from-cave-to-agi/04-escalar/,True,True
https://5sigmas.com/series/from-cave-to-agi/05-mas-alla/,sitemap.xml,200,INDEX,https://5sigmas.com/series/from-cave-to-agi/05-mas-alla/,True,True
https://5sigmas.com/series/fundamentos-ia-iag/00_presentacion_serie/,sitemap.xml,200,INDEX,https://5sigmas.com/series/fundamentos-ia-iag/00_presentacion_serie/,True,True
https://5sigmas.com/series/fundamentos-ia-iag/01-que-es-ia/,sitemap.xml,200,INDEX,https://5sigmas.com/series/fundamentos-ia-iag/01-que-es-ia/,True,True
https://5sigmas.com/series/fundamentos-ia-iag/02-que-es-ia-generativa/,sitemap.xml,200,INDEX,https://5sigmas.com/series/fundamentos-ia-iag/02-que-es-ia-generativa/,True,True
https://5sigmas.com/series/fundamentos-ia-iag/03-ia-vs-ia-generativa/,sitemap.xml,200,INDEX,https://5sigmas.com/series/fundamentos-ia-iag/03-ia-vs-ia-generativa/,True,True
https://5sigmas.com/series/fundamentos-ia-iag/04-agi/,sitemap.xml,200,INDEX,https://5sigmas.com/series/fundamentos-ia-iag/04-agi/,True,True
https://5sigmas.com/series/ia-pib-bienestar-energia/00_presentacion_serie/,sitemap.xml,200,INDEX,https://5sigmas.com/series/ia-pib-bienestar-energia/00_presentacion_serie/,True,True
https://5sigmas.com/series/ia-pib-bienestar-energia/01-electricidad-bienestar/,sitemap.xml,200,INDEX,https://5sigmas.com/series/ia-pib-bienestar-energia/01-electricidad-bienestar/,True,True
https://5sigmas.com/series/ia-pib-bienestar-energia/02-ia-tecnologia-electrica/,sitemap.xml,200,INDEX,https://5sigmas.com/series/ia-pib-bienestar-energia/02-ia-tecnologia-electrica/,True,True
https://5sigmas.com/series/ia-pib-bienestar-energia/03-pib-vs-bienestar/,sitemap.xml,200,INDEX,https://5sigmas.com/series/ia-pib-bienestar-energia/03-pib-vs-bienestar/,True,True
https://5sigmas.com/series/ia-pib-bienestar-energia/04-ia-pib-hoy/,sitemap.xml,200,INDEX,https://5sigmas.com/series/ia-pib-bienestar-energia/04-ia-pib-hoy/,True,True
https://5sigmas.com/series/modelos-razonadores/00_presentacion_serie/,sitemap.xml,200,INDEX,https://5sigmas.com/series/modelos-razonadores/00_presentacion_serie/,True,True
https://5sigmas.com/series/modelos-razonadores/01-que-es-razonar/,sitemap.xml,200,INDEX,https://5sigmas.com/series/modelos-razonadores/01-que-es-razonar/,True,True
https://5sigmas.com/series/modelos-razonadores/02-fallos/,sitemap.xml,200,INDEX,https://5sigmas.com/series/modelos-razonadores/02-fallos/,True,True
https://5sigmas.com/series/modelos-razonadores/03-test-time-compute/,sitemap.xml,200,INDEX,https://5sigmas.com/series/modelos-razonadores/03-test-time-compute/,True,True
https://5sigmas.com/series/modelos-razonadores/04-latencia-streaming/,sitemap.xml,200,INDEX,https://5sigmas.com/series/modelos-razonadores/04-latencia-streaming/,True,True
https://5sigmas.com/series/modelos-razonadores/05-riesgos/,sitemap.xml,200,INDEX,https://5sigmas.com/series/modelos-razonadores/05-riesgos/,True,True
https://5sigmas.com/series/multimodalidad-iag/00_presentacion_serie/,sitemap.xml,200,INDEX,https://5sigmas.com/series/multimodalidad-iag/00_presentacion_serie/,True,True
https://5sigmas.com/series/multimodalidad-iag/01-el-problema/,sitemap.xml,200,INDEX,https://5sigmas.com/series/multimodalidad-iag/01-el-problema/,True,True
https://5sigmas.com/series/multimodalidad-iag/02-alineamiento/,sitemap.xml,200,INDEX,https://5sigmas.com/series/multimodalidad-iag/02-alineamiento/,True,True
https://5sigmas.com/series/multimodalidad-iag/03-arquitecturas/,sitemap.xml,200,INDEX,https://5sigmas.com/series/multimodalidad-iag/03-arquitecturas/,True,True
https://5sigmas.com/series/multimodalidad-iag/04-evaluacion/,sitemap.xml,200,INDEX,https://5sigmas.com/series/multimodalidad-iag/04-evaluacion/,True,True
https://5sigmas.com/series/multimodalidad-iag/05-riesgos/,sitemap.xml,200,INDEX,https://5sigmas.com/series/multimodalidad-iag/05-riesgos/,True,True
https://5sigmas.com/series/seguridad-ia/00_presentacion_serie/,sitemap.xml,200,INDEX,https://5sigmas.com/series/seguridad-ia/00_presentacion_serie/,True,True
https://5sigmas.com/series/seguridad-ia/01-prompt-injection/,sitemap.xml,200,INDEX,https://5sigmas.com/series/seguridad-ia/01-prompt-injection/,True,True
https://5sigmas.com/series/seguridad-ia/02-jailbreaks/,sitemap.xml,200,INDEX,https://5sigmas.com/series/seguridad-ia/02-jailbreaks/,True,True
https://5sigmas.com/series/seguridad-ia/03-envenenamiento/,sitemap.xml,200,INDEX,https://5sigmas.com/series/seguridad-ia/03-envenenamiento/,True,True
https://5sigmas.com/series/seguridad-ia/04-red-teaming/,sitemap.xml,200,INDEX,https://5sigmas.com/series/seguridad-ia/04-red-teaming/,True,True
https://5sigmas.com/series/seguridad-ia/05-controles-produccion/,sitemap.xml,200,INDEX,https://5sigmas.com/series/seguridad-ia/05-controles-produccion/,True,True
https://5sigmas.com/temas/,sitemap.xml,200,INDEX,https://5sigmas.com/temas/,True,True
https://5sigmas.com/temas/agentes-ia/,sitemap.xml,200,INDEX,https://5sigmas.com/temas/agentes-ia/,True,True
https://5sigmas.com/temas/evaluacion-modelos/,sitemap.xml,200,INDEX,https://5sigmas.com/temas/evaluacion-modelos/,True,True
https://5sigmas.com/temas/llms/,sitemap.xml,200,INDEX,https://5sigmas.com/temas/llms/,True,True
https://5sigmas.com/temas/prompt-injection/,sitemap.xml,200,INDEX,https://5sigmas.com/temas/prompt-injection/,True,True
https://5sigmas.com/temas/razonamiento/,sitemap.xml,200,INDEX,https://5sigmas.com/temas/razonamiento/,True,True
https://5sigmas.com/temas/transformer/,sitemap.xml,200,INDEX,https://5sigmas.com/temas/transformer/,True,True
https://5sigmas.com/videos/,sitemap.xml,200,INDEX,https://5sigmas.com/videos/,True,True
https://5sigmas.com/videos/articulos-tecnicos/reactive-proactive-agent-header-demo/,sitemap.xml;video-sitemap.xml,200,INDEX,https://5sigmas.com/videos/articulos-tecnicos/reactive-proactive-agent-header-demo/,True,True
https://5sigmas.com/videos/series/agentes-ia/00_presentacion_serie/,sitemap.xml;video-sitemap.xml,200,INDEX,https://5sigmas.com/videos/series/agentes-ia/00_presentacion_serie/,True,True
https://5sigmas.com/videos/series/agentes-ia/01-que-es-un-agente/,sitemap.xml;video-sitemap.xml,200,INDEX,https://5sigmas.com/videos/series/agentes-ia/01-que-es-un-agente/,True,True
https://5sigmas.com/videos/series/agentes-ia/02-anatomia-de-un-agente/,sitemap.xml;video-sitemap.xml,200,INDEX,https://5sigmas.com/videos/series/agentes-ia/02-anatomia-de-un-agente/,True,True
https://5sigmas.com/videos/series/agentes-ia/03-como-evaluar-un-agente/,sitemap.xml;video-sitemap.xml,200,INDEX,https://5sigmas.com/videos/series/agentes-ia/03-como-evaluar-un-agente/,True,True
https://5sigmas.com/videos/series/agentes-ia/04-seguridad-agentes/,sitemap.xml;video-sitemap.xml,200,INDEX,https://5sigmas.com/videos/series/agentes-ia/04-seguridad-agentes/,True,True
https://5sigmas.com/videos/series/agentes-ia/05-de-la-demo-a-produccion/,sitemap.xml;video-sitemap.xml,200,INDEX,https://5sigmas.com/videos/series/agentes-ia/05-de-la-demo-a-produccion/,True,True
https://5sigmas.com/videos/series/datacenters-espacio/00_presentacion_serie/,sitemap.xml;video-sitemap.xml,200,INDEX,https://5sigmas.com/videos/series/datacenters-espacio/00_presentacion_serie/,True,True
https://5sigmas.com/videos/series/datacenters-espacio/01-por-que-ahora/,sitemap.xml;video-sitemap.xml,200,INDEX,https://5sigmas.com/videos/series/datacenters-espacio/01-por-que-ahora/,True,True
https://5sigmas.com/videos/series/datacenters-espacio/02-energia-calor-conectividad/,sitemap.xml;video-sitemap.xml,200,INDEX,https://5sigmas.com/videos/series/datacenters-espacio/02-energia-calor-conectividad/,True,True
https://5sigmas.com/videos/series/datacenters-espacio/03-que-es-datacenter-espacio/,sitemap.xml;video-sitemap.xml,200,INDEX,https://5sigmas.com/videos/series/datacenters-espacio/03-que-es-datacenter-espacio/,True,True
https://5sigmas.com/videos/series/datacenters-espacio/04-huella-real-datacenter/,sitemap.xml;video-sitemap.xml,200,INDEX,https://5sigmas.com/videos/series/datacenters-espacio/04-huella-real-datacenter/,True,True
https://5sigmas.com/videos/series/from-cave-to-agi/00_presentacion_serie/,sitemap.xml;video-sitemap.xml,200,INDEX,https://5sigmas.com/videos/series/from-cave-to-agi/00_presentacion_serie/,True,True
https://5sigmas.com/videos/series/from-cave-to-agi/01-representar/,sitemap.xml;video-sitemap.xml,200,INDEX,https://5sigmas.com/videos/series/from-cave-to-agi/01-representar/,True,True
https://5sigmas.com/videos/series/from-cave-to-agi/02-mecanizar/,sitemap.xml;video-sitemap.xml,200,INDEX,https://5sigmas.com/videos/series/from-cave-to-agi/02-mecanizar/,True,True
https://5sigmas.com/videos/series/from-cave-to-agi/03-aprender/,sitemap.xml;video-sitemap.xml,200,INDEX,https://5sigmas.com/videos/series/from-cave-to-agi/03-aprender/,True,True
https://5sigmas.com/videos/series/from-cave-to-agi/04-escalar/,sitemap.xml;video-sitemap.xml,200,INDEX,https://5sigmas.com/videos/series/from-cave-to-agi/04-escalar/,True,True
https://5sigmas.com/videos/series/from-cave-to-agi/05-mas-alla/,sitemap.xml;video-sitemap.xml,200,INDEX,https://5sigmas.com/videos/series/from-cave-to-agi/05-mas-alla/,True,True
https://5sigmas.com/videos/series/fundamentos-ia-iag/00_presentacion_serie/,sitemap.xml;video-sitemap.xml,200,INDEX,https://5sigmas.com/videos/series/fundamentos-ia-iag/00_presentacion_serie/,True,True
https://5sigmas.com/videos/series/fundamentos-ia-iag/01-que-es-ia/,sitemap.xml;video-sitemap.xml,200,INDEX,https://5sigmas.com/videos/series/fundamentos-ia-iag/01-que-es-ia/,True,True
https://5sigmas.com/videos/series/fundamentos-ia-iag/02-que-es-ia-generativa/,sitemap.xml;video-sitemap.xml,200,INDEX,https://5sigmas.com/videos/series/fundamentos-ia-iag/02-que-es-ia-generativa/,True,True
https://5sigmas.com/videos/series/fundamentos-ia-iag/03-ia-vs-ia-generativa/,sitemap.xml;video-sitemap.xml,200,INDEX,https://5sigmas.com/videos/series/fundamentos-ia-iag/03-ia-vs-ia-generativa/,True,True
https://5sigmas.com/videos/series/fundamentos-ia-iag/04-agi/,sitemap.xml;video-sitemap.xml,200,INDEX,https://5sigmas.com/videos/series/fundamentos-ia-iag/04-agi/,True,True
https://5sigmas.com/videos/series/ia-pib-bienestar-energia/00_presentacion_serie/,sitemap.xml;video-sitemap.xml,200,INDEX,https://5sigmas.com/videos/series/ia-pib-bienestar-energia/00_presentacion_serie/,True,True
https://5sigmas.com/videos/series/ia-pib-bienestar-energia/01-electricidad-bienestar/,sitemap.xml;video-sitemap.xml,200,INDEX,https://5sigmas.com/videos/series/ia-pib-bienestar-energia/01-electricidad-bienestar/,True,True
https://5sigmas.com/videos/series/ia-pib-bienestar-energia/02-ia-tecnologia-electrica/,sitemap.xml;video-sitemap.xml,200,INDEX,https://5sigmas.com/videos/series/ia-pib-bienestar-energia/02-ia-tecnologia-electrica/,True,True
https://5sigmas.com/videos/series/ia-pib-bienestar-energia/03-pib-vs-bienestar/,sitemap.xml;video-sitemap.xml,200,INDEX,https://5sigmas.com/videos/series/ia-pib-bienestar-energia/03-pib-vs-bienestar/,True,True
https://5sigmas.com/videos/series/ia-pib-bienestar-energia/04-ia-pib-hoy/,sitemap.xml;video-sitemap.xml,200,INDEX,https://5sigmas.com/videos/series/ia-pib-bienestar-energia/04-ia-pib-hoy/,True,True
https://5sigmas.com/videos/series/modelos-razonadores/00_presentacion_serie/,sitemap.xml;video-sitemap.xml,200,INDEX,https://5sigmas.com/videos/series/modelos-razonadores/00_presentacion_serie/,True,True
https://5sigmas.com/videos/series/modelos-razonadores/01-que-es-razonar/,sitemap.xml;video-sitemap.xml,200,INDEX,https://5sigmas.com/videos/series/modelos-razonadores/01-que-es-razonar/,True,True
https://5sigmas.com/videos/series/modelos-razonadores/02-fallos/,sitemap.xml;video-sitemap.xml,200,INDEX,https://5sigmas.com/videos/series/modelos-razonadores/02-fallos/,True,True
https://5sigmas.com/videos/series/modelos-razonadores/03-test-time-compute/,sitemap.xml;video-sitemap.xml,200,INDEX,https://5sigmas.com/videos/series/modelos-razonadores/03-test-time-compute/,True,True
https://5sigmas.com/videos/series/modelos-razonadores/04-latencia-streaming/,sitemap.xml;video-sitemap.xml,200,INDEX,https://5sigmas.com/videos/series/modelos-razonadores/04-latencia-streaming/,True,True
https://5sigmas.com/videos/series/modelos-razonadores/05-riesgos/,sitemap.xml;video-sitemap.xml,200,INDEX,https://5sigmas.com/videos/series/modelos-razonadores/05-riesgos/,True,True
https://5sigmas.com/videos/series/multimodalidad-iag/00_presentacion_serie/,sitemap.xml;video-sitemap.xml,200,INDEX,https://5sigmas.com/videos/series/multimodalidad-iag/00_presentacion_serie/,True,True
https://5sigmas.com/videos/series/multimodalidad-iag/01-el-problema/,sitemap.xml;video-sitemap.xml,200,INDEX,https://5sigmas.com/videos/series/multimodalidad-iag/01-el-problema/,True,True
https://5sigmas.com/videos/series/multimodalidad-iag/02-alineamiento/,sitemap.xml;video-sitemap.xml,200,INDEX,https://5sigmas.com/videos/series/multimodalidad-iag/02-alineamiento/,True,True
https://5sigmas.com/videos/series/multimodalidad-iag/03-arquitecturas/,sitemap.xml;video-sitemap.xml,200,INDEX,https://5sigmas.com/videos/series/multimodalidad-iag/03-arquitecturas/,True,True
https://5sigmas.com/videos/series/multimodalidad-iag/04-evaluacion/,sitemap.xml;video-sitemap.xml,200,INDEX,https://5sigmas.com/videos/series/multimodalidad-iag/04-evaluacion/,True,True
https://5sigmas.com/videos/series/multimodalidad-iag/05-riesgos/,sitemap.xml;video-sitemap.xml,200,INDEX,https://5sigmas.com/videos/series/multimodalidad-iag/05-riesgos/,True,True
https://5sigmas.com/videos/series/seguridad-ia/01-prompt-injection/,sitemap.xml;video-sitemap.xml,200,INDEX,https://5sigmas.com/videos/series/seguridad-ia/01-prompt-injection/,True,True
https://5sigmas.com/videos/series/seguridad-ia/02-jailbreaks/,sitemap.xml;video-sitemap.xml,200,INDEX,https://5sigmas.com/videos/series/seguridad-ia/02-jailbreaks/,True,True
https://5sigmas.com/videos/series/seguridad-ia/03-envenenamiento/,sitemap.xml;video-sitemap.xml,200,INDEX,https://5sigmas.com/videos/series/seguridad-ia/03-envenenamiento/,True,True
https://5sigmas.com/videos/series/seguridad-ia/04-red-teaming/,sitemap.xml;video-sitemap.xml,200,INDEX,https://5sigmas.com/videos/series/seguridad-ia/04-red-teaming/,True,True
https://5sigmas.com/videos/series/seguridad-ia/05-controles-produccion/,sitemap.xml;video-sitemap.xml,200,INDEX,https://5sigmas.com/videos/series/seguridad-ia/05-controles-produccion/,True,True
https://5sigmas.com/visuales/,sitemap.xml,200,INDEX,https://5sigmas.com/visuales/,True,True
